Name,Height,Coordinates,Convex Hull,Dimensions,Planes
Baird Research Park,4.1,"[[-78.800251, 43.002512], [-78.80025, 43.002454], [-78.800314, 43.002453], [-78.800316, 43.002512], [-78.800419, 43.00251], [-78.800439, 43.003184], [-78.800132, 43.003188], [-78.800112, 43.002515], [-78.800251, 43.002512], [-78.800251, 43.002512]]","[[-78.800132, 43.003188], [-78.800439, 43.003184], [-78.800419, 43.00251], [-78.800251, 43.002512], [-78.80025, 43.002454], [-78.800314, 43.002453], [-78.800316, 43.002512], [-78.800251, 43.002512], [-78.800251, 43.002512], [-78.80025, 43.002454], [-78.800314, 43.002453], [-78.800316, 43.002512], [-78.800251, 43.002512], [-78.800112, 43.002515]]","[[6.443897393259578, 4.1], [5.219596662056851, 4.1], [6.556502634084991, 4.1], [8.401316199762089, 4.1], [74.89429755187066, 4.1], [25.03572765872216, 4.1], [74.78323119289544, 4.1], [11.338631622170768, 4.1], [0.0, 4.1]]","[<CesiumPy.Plane object at 0x000002C3D486BD00>, <CesiumPy.Plane object at 0x000002C3D486A230>, <CesiumPy.Plane object at 0x000002C3D486B1C0>, <CesiumPy.Plane object at 0x000002C3D46B5B40>, <CesiumPy.Plane object at 0x000002C3D4869DB0>, <CesiumPy.Plane object at 0x000002C3D486BAC0>, <CesiumPy.Plane object at 0x000002C3D486BD90>, <CesiumPy.Plane object at 0x000002C3D486AFB0>, <CesiumPy.Plane object at 0x000002C3D486B820>]"
Academic Center,9.0,"[[-78.785432, 43.007868], [-78.78596, 43.007866], [-78.785961, 43.00794], [-78.785998, 43.00794], [-78.786, 43.009019], [-78.785851, 43.00902], [-78.785717, 43.009112], [-78.785716, 43.009224], [-78.784051, 43.009217], [-78.784048, 43.008805], [-78.784109, 43.008805], [-78.784342, 43.008657], [-78.784364, 43.008672], [-78.78438, 43.008661], [-78.784379, 43.008636], [-78.784423, 43.008604], [-78.784525, 43.008684], [-78.784557, 43.008733], [-78.784572, 43.008871], [-78.784554, 43.008871], [-78.784554, 43.008899], [-78.785303, 43.008896], [-78.785301, 43.008834], [-78.785468, 43.008716], [-78.785538, 43.008717], [-78.785543, 43.008207], [-78.785413, 43.008207], [-78.785358, 43.008246], [-78.785308, 43.008211], [-78.78515, 43.008211], [-78.785148, 43.008132], [-78.785364, 43.007973], [-78.785322, 43.007941], [-78.785432, 43.007868], [-78.785432, 43.007868]]","[[-78.784048, 43.008805], [-78.784109, 43.008805], [-78.784051, 43.009217], [-78.785716, 43.009224], [-78.786, 43.009019], [-78.78596, 43.007866], [-78.785961, 43.00794], [-78.785998, 43.00794], [-78.78596, 43.007866], [-78.785961, 43.00794], [-78.785998, 43.00794], [-78.785432, 43.007868], [-78.785432, 43.007868], [-78.785364, 43.007973], [-78.785322, 43.007941]]","[[43.048711206370676, 9.0], [8.221278151553433, 9.0], [3.016627298439612, 9.0], [119.86935152580429, 9.0], [12.148334898253935, 9.0], [14.960370035293797, 9.0], [12.442673566289722, 9.0], [135.74763611560397, 9.0], [45.77093315297276, 9.0], [4.973288733598855, 9.0], [25.12354786966813, 9.0], [2.448273886110578, 9.0], [1.787452136208589, 9.0], [2.7785190261624324, 9.0], [5.0504020651704975, 9.0], [12.171381253864519, 9.0], [6.036459494886392, 9.0], [15.379520881754964, 9.0], [1.4675262515304321, 9.0], [3.110601461365749, 9.0], [61.066281136127486, 9.0], [6.8896901790733756, 9.0], [18.900373769044535, 9.0], [5.708141996494103, 9.0], [56.658846038208345, 9.0], [10.598914870690344, 9.0], [6.235324102514017, 9.0], [5.633505664302608, 9.0], [12.881757237806434, 9.0], [8.777853399209935, 9.0], [24.94273844676039, 9.0], [4.935941062217061, 9.0], [12.091317857849369, 9.0], [0.0, 9.0]]","[<CesiumPy.Plane object at 0x000002C3D486A4A0>, <CesiumPy.Plane object at 0x000002C3D486BCD0>, <CesiumPy.Plane object at 0x000002C3D486BB80>, <CesiumPy.Plane object at 0x000002C3D486BB50>, <CesiumPy.Plane object at 0x000002C3D486BFD0>, <CesiumPy.Plane object at 0x000002C3D486B910>, <CesiumPy.Plane object at 0x000002C3D486ABC0>, <CesiumPy.Plane object at 0x000002C3D486A680>, <CesiumPy.Plane object at 0x000002C3D486BAF0>, <CesiumPy.Plane object at 0x000002C3D486A5F0>, <CesiumPy.Plane object at 0x000002C3D486B2E0>, <CesiumPy.Plane object at 0x000002C3D486A200>, <CesiumPy.Plane object at 0x000002C3D486AEF0>, <CesiumPy.Plane object at 0x000002C3D486AC80>, <CesiumPy.Plane object at 0x000002C3D486B520>, <CesiumPy.Plane object at 0x000002C3D486BD30>, <CesiumPy.Plane object at 0x000002C3D486A6B0>, <CesiumPy.Plane object at 0x000002C3D4869E70>, <CesiumPy.Plane object at 0x000002C3D486B490>, <CesiumPy.Plane object at 0x000002C3D486B6D0>, <CesiumPy.Plane object at 0x000002C3D486A3E0>, <CesiumPy.Plane object at 0x000002C3D486BFA0>, <CesiumPy.Plane object at 0x000002C3D486A470>, <CesiumPy.Plane object at 0x000002C3D486B850>, <CesiumPy.Plane object at 0x000002C3D486B3A0>, <CesiumPy.Plane object at 0x000002C3D486BF10>, <CesiumPy.Plane object at 0x000002C3D486A710>, <CesiumPy.Plane object at 0x000002C3D486B970>, <CesiumPy.Plane object at 0x000002C3D486AC20>, <CesiumPy.Plane object at 0x000002C3D486B7C0>, <CesiumPy.Plane object at 0x000002C3D486A980>, <CesiumPy.Plane object at 0x000002C3D486B070>, <CesiumPy.Plane object at 0x000002C3D49204F0>, <CesiumPy.Plane object at 0x000002C3D49202B0>]"
Bonner Hall,16.8,"[[-78.787813, 43.001383], [-78.788492, 43.001384], [-78.788491, 43.00152], [-78.788508, 43.00152], [-78.788508, 43.001547], [-78.788485, 43.001547], [-78.788485, 43.001654], [-78.788371, 43.001653], [-78.788371, 43.001629], [-78.788354, 43.001629], [-78.788354, 43.001678], [-78.787831, 43.001677], [-78.787831, 43.001548], [-78.787794, 43.001548], [-78.787794, 43.001518], [-78.787813, 43.001518], [-78.787813, 43.001383], [-78.787813, 43.001383]]","[[-78.788491, 43.00152], [-78.788508, 43.00152], [-78.788508, 43.001547], [-78.788485, 43.001547], [-78.788492, 43.001384], [-78.787813, 43.001383], [-78.787813, 43.001383], [-78.787831, 43.001548], [-78.787794, 43.001548], [-78.787794, 43.001518], [-78.787813, 43.001518], [-78.787831, 43.001548], [-78.787794, 43.001548], [-78.787794, 43.001518], [-78.787813, 43.001518], [-78.787831, 43.001677], [-78.788371, 43.001653], [-78.788371, 43.001629], [-78.788354, 43.001629], [-78.788354, 43.001678], [-78.788485, 43.001654], [-78.788491, 43.00152], [-78.788508, 43.00152], [-78.788508, 43.001547], [-78.788485, 43.001547]]","[[55.36518633674823, 16.8], [15.108835995682956, 16.8], [1.3861622818365942, 16.8], [2.999504684452375, 16.8], [1.8753952070959625, 16.8], [11.886926110519811, 16.8], [9.29608488870768, 16.8], [2.666226436156578, 16.8], [1.3861598314494876, 16.8], [5.4435456512067075, 16.8], [42.6449106803081, 16.8], [14.330967021610899, 16.8], [3.016940066330884, 16.8], [3.3327829822718607, 16.8], [1.5492402471885498, 16.8], [14.997523202474854, 16.8], [0.0, 16.8]]","[<CesiumPy.Plane object at 0x000002C3D4920370>, <CesiumPy.Plane object at 0x000002C3D4920190>, <CesiumPy.Plane object at 0x000002C3D4920550>, <CesiumPy.Plane object at 0x000002C3D4920610>, <CesiumPy.Plane object at 0x000002C3D49200D0>, <CesiumPy.Plane object at 0x000002C3D4920970>, <CesiumPy.Plane object at 0x000002C3D4920850>, <CesiumPy.Plane object at 0x000002C3D4920910>, <CesiumPy.Plane object at 0x000002C3D49206D0>, <CesiumPy.Plane object at 0x000002C3D4920A90>, <CesiumPy.Plane object at 0x000002C3D4920B50>, <CesiumPy.Plane object at 0x000002C3D4920C10>, <CesiumPy.Plane object at 0x000002C3D4920CD0>, <CesiumPy.Plane object at 0x000002C3D4920D90>, <CesiumPy.Plane object at 0x000002C3D4920E50>, <CesiumPy.Plane object at 0x000002C3D4920F10>, <CesiumPy.Plane object at 0x000002C3D4920FD0>]"
Norton Hall,9.1,"[[-78.788156, 43.001274], [-78.788156, 43.001106], [-78.78826, 43.001106], [-78.788259, 43.000938], [-78.788936, 43.000938], [-78.788936, 43.00102], [-78.789147, 43.00102], [-78.789147, 43.001107], [-78.788842, 43.001107], [-78.788842, 43.001273], [-78.788156, 43.001274], [-78.788156, 43.001274]]","[[-78.788156, 43.001274], [-78.788156, 43.001274], [-78.788842, 43.001273], [-78.789147, 43.00102], [-78.789147, 43.001107], [-78.789147, 43.00102], [-78.789147, 43.001107], [-78.788936, 43.000938], [-78.788936, 43.00102], [-78.788259, 43.000938], [-78.788156, 43.001106]]","[[18.663583576414805, 9.1], [8.480108542626493, 9.1], [18.66376114495239, 9.1], [55.202395438262634, 9.1], [9.109605931816109, 9.1], [17.204859597301116, 9.1], [9.665069852091047, 9.1], [24.869548689423297, 9.1], [18.441398057529568, 9.1], [55.93605895380871, 9.1], [0.0, 9.1]]","[<CesiumPy.Plane object at 0x000002C3D4920790>, <CesiumPy.Plane object at 0x000002C3D4921150>, <CesiumPy.Plane object at 0x000002C3D4921210>, <CesiumPy.Plane object at 0x000002C3D49212D0>, <CesiumPy.Plane object at 0x000002C3D4921090>, <CesiumPy.Plane object at 0x000002C3D4921630>, <CesiumPy.Plane object at 0x000002C3D4921510>, <CesiumPy.Plane object at 0x000002C3D49215D0>, <CesiumPy.Plane object at 0x000002C3D4921390>, <CesiumPy.Plane object at 0x000002C3D4921750>, <CesiumPy.Plane object at 0x000002C3D4921810>]"
O'Brian Hall,28.8,"[[-78.788403, 43.000573], [-78.787719, 43.000576], [-78.787719, 43.000545], [-78.787667, 43.000545], [-78.787656, 43.000576], [-78.787581, 43.000576], [-78.787579, 43.000297], [-78.787657, 43.000297], [-78.787736, 43.000236], [-78.788481, 43.000234], [-78.788481, 43.000289], [-78.788464, 43.000289], [-78.788464, 43.000363], [-78.78844, 43.000363], [-78.78844, 43.000443], [-78.788412, 43.000443], [-78.788412, 43.000493], [-78.788402, 43.000493], [-78.788403, 43.000573], [-78.788403, 43.000573]]","[[-78.787719, 43.000576], [-78.787719, 43.000545], [-78.787667, 43.000545], [-78.787656, 43.000576], [-78.788403, 43.000573], [-78.788412, 43.000493], [-78.788402, 43.000493], [-78.788403, 43.000573], [-78.788481, 43.000289], [-78.788464, 43.000289], [-78.788464, 43.000363], [-78.78844, 43.000363], [-78.78844, 43.000443], [-78.788412, 43.000443], [-78.788481, 43.000234], [-78.788481, 43.000289], [-78.788464, 43.000289], [-78.788464, 43.000363], [-78.78844, 43.000363], [-78.788481, 43.000234], [-78.788481, 43.000289], [-78.788464, 43.000289], [-78.787657, 43.000297], [-78.787736, 43.000236], [-78.787579, 43.000297], [-78.787657, 43.000297], [-78.787667, 43.000545], [-78.787656, 43.000576], [-78.787581, 43.000576]]","[[55.77449806963809, 28.8], [3.4438751616864804, 28.8], [4.240092847504071, 28.8], [3.558761296571493, 28.8], [6.115515455580233, 28.8], [30.99530479705316, 28.8], [6.360164851573779, 28.8], [9.349796414410074, 28.8], [60.74819578979651, 28.8], [6.110100771291338, 28.8], [1.3861899551241978, 28.8], [8.220862949069554, 28.8], [1.956971706671344, 28.8], [8.887419523015854, 28.8], [2.283130694731443, 28.8], [5.5546372665508, 28.8], [0.8154031574557375, 28.8], [8.887793776423067, 28.8], [0.0, 28.8]]","[<CesiumPy.Plane object at 0x000002C3D4921450>, <CesiumPy.Plane object at 0x000002C3D4921990>, <CesiumPy.Plane object at 0x000002C3D4921A50>, <CesiumPy.Plane object at 0x000002C3D4921B10>, <CesiumPy.Plane object at 0x000002C3D49218D0>, <CesiumPy.Plane object at 0x000002C3D4921E70>, <CesiumPy.Plane object at 0x000002C3D4921D50>, <CesiumPy.Plane object at 0x000002C3D4921E10>, <CesiumPy.Plane object at 0x000002C3D4921BD0>, <CesiumPy.Plane object at 0x000002C3D4921F90>, <CesiumPy.Plane object at 0x000002C3D4922050>, <CesiumPy.Plane object at 0x000002C3D4922110>, <CesiumPy.Plane object at 0x000002C3D49221D0>, <CesiumPy.Plane object at 0x000002C3D4922290>, <CesiumPy.Plane object at 0x000002C3D4922350>, <CesiumPy.Plane object at 0x000002C3D4922410>, <CesiumPy.Plane object at 0x000002C3D49224D0>, <CesiumPy.Plane object at 0x000002C3D4922590>, <CesiumPy.Plane object at 0x000002C3D4922650>]"
Park Hall,18.5,"[[-78.787833, 42.999965], [-78.787732, 42.999965], [-78.787732, 42.999937], [-78.787611, 42.999937], [-78.787608, 42.999557], [-78.787717, 42.999556], [-78.787722, 42.999521], [-78.787757, 42.999512], [-78.787775, 42.999528], [-78.787775, 42.999589], [-78.787923, 42.999589], [-78.787924, 42.999602], [-78.788255, 42.999601], [-78.788255, 42.999653], [-78.788302, 42.999653], [-78.788302, 42.999709], [-78.788349, 42.999708], [-78.788349, 42.999764], [-78.788396, 42.999764], [-78.788397, 42.999819], [-78.788427, 42.999819], [-78.788428, 42.99988], [-78.788369, 42.99988], [-78.788369, 42.999934], [-78.787852, 42.999936], [-78.787849, 42.999956], [-78.787833, 42.999965], [-78.787833, 42.999965]]","[[-78.788428, 42.99988], [-78.788369, 42.99988], [-78.788369, 42.999934], [-78.788397, 42.999819], [-78.788427, 42.999819], [-78.788428, 42.99988], [-78.788369, 42.99988], [-78.788369, 42.999934], [-78.788349, 42.999764], [-78.788396, 42.999764], [-78.788397, 42.999819], [-78.788427, 42.999819], [-78.788428, 42.99988], [-78.788369, 42.99988], [-78.788302, 42.999709], [-78.788349, 42.999708], [-78.788349, 42.999764], [-78.788396, 42.999764], [-78.788397, 42.999819], [-78.788427, 42.999819], [-78.788255, 42.999653], [-78.788302, 42.999653], [-78.788302, 42.999709], [-78.788349, 42.999708], [-78.788349, 42.999764], [-78.788396, 42.999764], [-78.788255, 42.999601], [-78.788255, 42.999653], [-78.788302, 42.999653], [-78.788302, 42.999709], [-78.788349, 42.999708], [-78.788255, 42.999601], [-78.788255, 42.999653], [-78.788302, 42.999653], [-78.787717, 42.999556], [-78.787722, 42.999521], [-78.787757, 42.999512], [-78.787775, 42.999528], [-78.787775, 42.999589], [-78.787717, 42.999556], [-78.787722, 42.999521], [-78.787757, 42.999512], [-78.787775, 42.999528], [-78.787775, 42.999589], [-78.787608, 42.999557], [-78.787611, 42.999937], [-78.787732, 42.999965], [-78.787732, 42.999937], [-78.787833, 42.999965], [-78.787852, 42.999936], [-78.787849, 42.999956], [-78.787833, 42.999965]]","[[8.235642418033086, 18.5], [3.1105965870532546, 18.5], [9.866467179453325, 18.5], [42.21594663594818, 18.5], [8.888723663874414, 18.5], [3.9095624317684448, 18.5], [3.0240263529965414, 18.5], [2.3051539472504037, 18.5], [6.776656383822408, 18.5], [12.068143664444793, 18.5], [1.4465056011575097, 18.5], [26.99046337948335, 18.5], [5.77682190465704, 18.5], [3.8324470503088244, 18.5], [6.221192879051436, 18.5], [3.834053409851831, 18.5], [6.221192938285032, 18.5], [3.8324401528065617, 18.5], [6.110644340649095, 18.5], [2.446236212676934, 18.5], [6.77714729065315, 18.5], [4.810926459334212, 18.5], [5.999007656588393, 18.5], [42.157310274147385, 18.5], [2.2352804725981494, 18.5], [1.6437145059159188, 18.5], [0.0, 18.5]]","[<CesiumPy.Plane object at 0x000002C3D49216C0>, <CesiumPy.Plane object at 0x000002C3D49227D0>, <CesiumPy.Plane object at 0x000002C3D4922890>, <CesiumPy.Plane object at 0x000002C3D4922950>, <CesiumPy.Plane object at 0x000002C3D4922710>, <CesiumPy.Plane object at 0x000002C3D4922CB0>, <CesiumPy.Plane object at 0x000002C3D4922B90>, <CesiumPy.Plane object at 0x000002C3D4922C50>, <CesiumPy.Plane object at 0x000002C3D4922A10>, <CesiumPy.Plane object at 0x000002C3D4922DD0>, <CesiumPy.Plane object at 0x000002C3D4922E90>, <CesiumPy.Plane object at 0x000002C3D4922F50>, <CesiumPy.Plane object at 0x000002C3D4923010>, <CesiumPy.Plane object at 0x000002C3D49230D0>, <CesiumPy.Plane object at 0x000002C3D4923190>, <CesiumPy.Plane object at 0x000002C3D4923250>, <CesiumPy.Plane object at 0x000002C3D4923310>, <CesiumPy.Plane object at 0x000002C3D49233D0>, <CesiumPy.Plane object at 0x000002C3D4923490>, <CesiumPy.Plane object at 0x000002C3D4923550>, <CesiumPy.Plane object at 0x000002C3D4923610>, <CesiumPy.Plane object at 0x000002C3D49236D0>, <CesiumPy.Plane object at 0x000002C3D4923790>, <CesiumPy.Plane object at 0x000002C3D4923850>, <CesiumPy.Plane object at 0x000002C3D4923910>, <CesiumPy.Plane object at 0x000002C3D49239D0>, <CesiumPy.Plane object at 0x000002C3D4923A90>]"
Knox Lecture Hall,8.6,"[[-78.788259, 43.000938], [-78.78826, 43.001106], [-78.788156, 43.001106], [-78.788156, 43.001171], [-78.788047, 43.001171], [-78.788047, 43.001232], [-78.787974, 43.001286], [-78.787918, 43.001286], [-78.787895, 43.001269], [-78.787873, 43.001286], [-78.787741, 43.001286], [-78.787721, 43.001272], [-78.787704, 43.001286], [-78.787612, 43.001286], [-78.787541, 43.001234], [-78.78754, 43.00115], [-78.787572, 43.001127], [-78.787539, 43.001102], [-78.787538, 43.001056], [-78.787568, 43.001034], [-78.787537, 43.001012], [-78.787535, 43.000923], [-78.787605, 43.000869], [-78.787693, 43.000868], [-78.787741, 43.000902], [-78.787833, 43.000901], [-78.787945, 43.000815], [-78.788078, 43.000814], [-78.788159, 43.000871], [-78.788159, 43.000938], [-78.788259, 43.000938], [-78.788259, 43.000938]]","[[-78.788047, 43.001232], [-78.787974, 43.001286], [-78.787918, 43.001286], [-78.787895, 43.001269], [-78.78826, 43.001106], [-78.788259, 43.000938], [-78.788259, 43.000938], [-78.788078, 43.000814], [-78.788159, 43.000871], [-78.787945, 43.000815], [-78.787535, 43.000923], [-78.787605, 43.000869], [-78.787693, 43.000868], [-78.787537, 43.001012], [-78.787535, 43.000923], [-78.787605, 43.000869], [-78.787612, 43.001286], [-78.787541, 43.001234], [-78.78754, 43.00115], [-78.787704, 43.001286], [-78.787612, 43.001286], [-78.787541, 43.001234]]","[[18.66376114495239, 8.6], [8.480108542626493, 8.6], [7.221029294113958, 8.6], [8.887796699820232, 8.6], [6.776658336712705, 8.6], [8.45096491153908, 8.6], [4.566198962952855, 8.6], [2.6615523238902297, 8.6], [2.604740168878815, 8.6], [10.763183270313146, 8.6], [2.253533967629131, 8.6], [2.0833662172874305, 8.6], [7.50161258265588, 8.6], [8.178482370208206, 8.6], [9.332148021365272, 8.6], [3.6519801793283486, 8.6], [3.8670302486387196, 8.6], [5.11091731550168, 8.6], [3.457913869139804, 8.6], [3.51606936584996, 8.6], [9.888600014788532, 8.6], [8.280514036218603, 8.6], [7.176364027522245, 8.6], [5.439263103475372, 8.6], [7.502481906710749, 8.6], [13.216668317129729, 8.6], [10.845374457636204, 8.6], [9.149879303076572, 8.6], [7.443214506233378, 8.6], [8.153972738464434, 8.6], [0.0, 8.6]]","[<CesiumPy.Plane object at 0x000002C3D4922D40>, <CesiumPy.Plane object at 0x000002C3D4923C10>, <CesiumPy.Plane object at 0x000002C3D4923CD0>, <CesiumPy.Plane object at 0x000002C3D4921C90>, <CesiumPy.Plane object at 0x000002C3D4923E50>, <CesiumPy.Plane object at 0x000002C3D4923FD0>, <CesiumPy.Plane object at 0x000002C3D4923F10>, <CesiumPy.Plane object at 0x000002C3D4922AD0>, <CesiumPy.Plane object at 0x000002C3D4923B50>, <CesiumPy.Plane object at 0x000002C3D49304F0>, <CesiumPy.Plane object at 0x000002C3D49302B0>, <CesiumPy.Plane object at 0x000002C3D49300D0>, <CesiumPy.Plane object at 0x000002C3D4930070>, <CesiumPy.Plane object at 0x000002C3D4930550>, <CesiumPy.Plane object at 0x000002C3D4930610>, <CesiumPy.Plane object at 0x000002C3D49306D0>, <CesiumPy.Plane object at 0x000002C3D4930790>, <CesiumPy.Plane object at 0x000002C3D4930850>, <CesiumPy.Plane object at 0x000002C3D4930910>, <CesiumPy.Plane object at 0x000002C3D49309D0>, <CesiumPy.Plane object at 0x000002C3D4930A90>, <CesiumPy.Plane object at 0x000002C3D4930B50>, <CesiumPy.Plane object at 0x000002C3D4930C10>, <CesiumPy.Plane object at 0x000002C3D4930CD0>, <CesiumPy.Plane object at 0x000002C3D4930D90>, <CesiumPy.Plane object at 0x000002C3D4930E50>, <CesiumPy.Plane object at 0x000002C3D4930F10>, <CesiumPy.Plane object at 0x000002C3D4930FD0>, <CesiumPy.Plane object at 0x000002C3D4931090>, <CesiumPy.Plane object at 0x000002C3D4931150>, <CesiumPy.Plane object at 0x000002C3D4931210>]"
Davis Hall,14.7,"[[-78.786844, 43.002646], [-78.787499, 43.002646], [-78.787499, 43.002312], [-78.787758, 43.002365], [-78.787758, 43.002396], [-78.787806, 43.002396], [-78.787805, 43.003013], [-78.787633, 43.002974], [-78.787545, 43.002974], [-78.787545, 43.002939], [-78.7875, 43.002929], [-78.7875, 43.002956], [-78.786773, 43.002959], [-78.786796, 43.002853], [-78.786829, 43.002853], [-78.786829, 43.002833], [-78.78681, 43.002831], [-78.786809, 43.002674], [-78.786845, 43.002674], [-78.786844, 43.002646], [-78.786844, 43.002646]]","[[-78.787805, 43.003013], [-78.787758, 43.002365], [-78.787758, 43.002396], [-78.787806, 43.002396], [-78.787758, 43.002365], [-78.787758, 43.002396], [-78.787806, 43.002396], [-78.787499, 43.002312], [-78.786844, 43.002646], [-78.786809, 43.002674], [-78.786845, 43.002674], [-78.786844, 43.002646], [-78.786844, 43.002646], [-78.786809, 43.002674], [-78.786845, 43.002674], [-78.786844, 43.002646], [-78.786773, 43.002959]]","[[53.40704201888652, 14.7], [37.10499002159958, 14.7], [21.923744598226246, 14.7], [3.443876260744092, 14.7], [3.9138143686358413, 14.7], [68.54429924080857, 14.7], [14.6783656187808, 14.7], [7.175259078506402, 14.7], [3.888247783039302, 14.7], [3.83366165523297, 14.7], [2.999505425248932, 14.7], [59.27837718801339, 14.7], [11.924230229013558, 14.7], [2.690727434873468, 14.7], [2.2218558315427517, 14.7], [1.565058939549739, 14.7], [17.441758590098093, 14.7], [2.9353475408970553, 14.7], [3.1116665422058487, 14.7], [0.0, 14.7]]","[<CesiumPy.Plane object at 0x000002C3D4930250>, <CesiumPy.Plane object at 0x000002C3D4931390>, <CesiumPy.Plane object at 0x000002C3D4931450>, <CesiumPy.Plane object at 0x000002C3D4931510>, <CesiumPy.Plane object at 0x000002C3D49312D0>, <CesiumPy.Plane object at 0x000002C3D4931870>, <CesiumPy.Plane object at 0x000002C3D4931750>, <CesiumPy.Plane object at 0x000002C3D4931810>, <CesiumPy.Plane object at 0x000002C3D49315D0>, <CesiumPy.Plane object at 0x000002C3D4931990>, <CesiumPy.Plane object at 0x000002C3D4931A50>, <CesiumPy.Plane object at 0x000002C3D4931B10>, <CesiumPy.Plane object at 0x000002C3D4931BD0>, <CesiumPy.Plane object at 0x000002C3D4931C90>, <CesiumPy.Plane object at 0x000002C3D4931D50>, <CesiumPy.Plane object at 0x000002C3D4931E10>, <CesiumPy.Plane object at 0x000002C3D4931ED0>, <CesiumPy.Plane object at 0x000002C3D4931F90>, <CesiumPy.Plane object at 0x000002C3D4932050>, <CesiumPy.Plane object at 0x000002C3D4932110>]"
Baldy Hall,28.8,"[[-78.787394, 43.000559], [-78.786405, 43.000558], [-78.786402, 43.00022], [-78.787376, 43.000217], [-78.787377, 43.00024], [-78.787736, 43.000236], [-78.787657, 43.000297], [-78.787579, 43.000297], [-78.787579, 43.000337], [-78.787393, 43.000339], [-78.787394, 43.000559], [-78.787394, 43.000559]]","[[-78.787394, 43.000559], [-78.787394, 43.000559], [-78.787736, 43.000236], [-78.787657, 43.000297], [-78.787376, 43.000217], [-78.787377, 43.00024], [-78.786402, 43.00022], [-78.786405, 43.000558]]","[[80.64336321889029, 28.8], [37.55014420057144, 28.8], [79.42132044923099, 28.8], [2.556433785807312, 28.8], [29.276467061615634, 28.8], [9.349796414410074, 28.8], [6.360164851573779, 28.8], [4.443709693575053, 28.8], [15.168164259017066, 28.8], [24.440539910511202, 28.8], [0.0, 28.8]]","[<CesiumPy.Plane object at 0x000002C3D4931690>, <CesiumPy.Plane object at 0x000002C3D4932290>, <CesiumPy.Plane object at 0x000002C3D4932350>, <CesiumPy.Plane object at 0x000002C3D4932410>, <CesiumPy.Plane object at 0x000002C3D49321D0>, <CesiumPy.Plane object at 0x000002C3D4932770>, <CesiumPy.Plane object at 0x000002C3D4932650>, <CesiumPy.Plane object at 0x000002C3D4932710>, <CesiumPy.Plane object at 0x000002C3D49324D0>, <CesiumPy.Plane object at 0x000002C3D4932890>, <CesiumPy.Plane object at 0x000002C3D4932950>]"
Furnas Hall,45.7,"[[-78.787337, 43.001844], [-78.787337, 43.001879], [-78.78744, 43.001879], [-78.78744, 43.00191], [-78.787392, 43.00191], [-78.787393, 43.00194], [-78.787414, 43.00194], [-78.787414, 43.002025], [-78.786802, 43.002027], [-78.786802, 43.001964], [-78.786746, 43.001965], [-78.786745, 43.00188], [-78.786802, 43.001879], [-78.786801, 43.001846], [-78.787337, 43.001844], [-78.787337, 43.001844]]","[[-78.786802, 43.002027], [-78.786802, 43.001964], [-78.786746, 43.001965], [-78.787393, 43.00194], [-78.787414, 43.00194], [-78.787414, 43.002025], [-78.78744, 43.001879], [-78.78744, 43.00191], [-78.787392, 43.00191], [-78.787393, 43.00194], [-78.787414, 43.00194], [-78.78744, 43.001879], [-78.78744, 43.00191], [-78.787392, 43.00191], [-78.787393, 43.00194], [-78.787414, 43.00194], [-78.787337, 43.001844], [-78.787337, 43.001879], [-78.787392, 43.00191], [-78.787393, 43.00194], [-78.787414, 43.00194], [-78.787337, 43.001844], [-78.786745, 43.00188], [-78.786802, 43.001879], [-78.786801, 43.001846], [-78.786802, 43.001964], [-78.786746, 43.001965], [-78.786745, 43.00188], [-78.786802, 43.001879], [-78.786801, 43.001846], [-78.786802, 43.002027], [-78.786802, 43.001964], [-78.786746, 43.001965], [-78.786745, 43.00188], [-78.786802, 43.001879]]","[[3.8882470368758857, 45.7], [8.398463751629114, 45.7], [3.44387596674936, 45.7], [3.913845217667196, 45.7], [3.3337805012931936, 45.7], [1.712306449691154, 45.7], [9.442885861073776, 45.7], [49.90192727558033, 45.7], [6.998844829137583, 45.7], [4.567499941300937, 45.7], [9.44323779142224, 45.7], [4.6490210173986295, 45.7], [3.666968147585365, 45.7], [43.70521576585034, 45.7], [0.0, 45.7]]","[<CesiumPy.Plane object at 0x000002C3D4932590>, <CesiumPy.Plane object at 0x000002C3D4932AD0>, <CesiumPy.Plane object at 0x000002C3D4932B90>, <CesiumPy.Plane object at 0x000002C3D4932C50>, <CesiumPy.Plane object at 0x000002C3D4932A10>, <CesiumPy.Plane object at 0x000002C3D4932FB0>, <CesiumPy.Plane object at 0x000002C3D4932E90>, <CesiumPy.Plane object at 0x000002C3D4932F50>, <CesiumPy.Plane object at 0x000002C3D4932D10>, <CesiumPy.Plane object at 0x000002C3D49330D0>, <CesiumPy.Plane object at 0x000002C3D4933190>, <CesiumPy.Plane object at 0x000002C3D4933250>, <CesiumPy.Plane object at 0x000002C3D4933310>, <CesiumPy.Plane object at 0x000002C3D49333D0>, <CesiumPy.Plane object at 0x000002C3D4933490>]"
Alfiero Center,13.4,"[[-78.787369, 42.99972], [-78.787369, 42.999741], [-78.787388, 42.999749], [-78.787259, 42.999954], [-78.787075, 42.999915], [-78.786944, 42.999872], [-78.786863, 42.999836], [-78.786873, 42.999824], [-78.786806, 42.999792], [-78.786695, 42.99972], [-78.787369, 42.99972], [-78.787369, 42.99972]]","[[-78.787259, 42.999954], [-78.787369, 42.99972], [-78.787369, 42.999741], [-78.787388, 42.999749], [-78.787369, 42.99972], [-78.787369, 42.99972], [-78.787369, 42.999741], [-78.787388, 42.999749], [-78.787369, 42.99972], [-78.786695, 42.99972], [-78.786944, 42.999872], [-78.786863, 42.999836], [-78.786873, 42.999824], [-78.786806, 42.999792], [-78.786944, 42.999872], [-78.786863, 42.999836], [-78.786873, 42.999824], [-78.787075, 42.999915]]","[[2.3329473496923754, 13.4], [1.786097828038856, 13.4], [25.085870800203917, 13.4], [15.616600139462932, 13.4], [11.70137949875094, 13.4], [7.721304305220239, 13.4], [1.562717611284207, 13.4], [6.518053661223587, 13.4], [12.078945985094379, 13.4], [54.95886182160974, 13.4], [0.0, 13.4]]","[<CesiumPy.Plane object at 0x000002C3D4933040>, <CesiumPy.Plane object at 0x000002C3D4933610>, <CesiumPy.Plane object at 0x000002C3D49336D0>, <CesiumPy.Plane object at 0x000002C3D4933790>, <CesiumPy.Plane object at 0x000002C3D4933550>, <CesiumPy.Plane object at 0x000002C3D4933AF0>, <CesiumPy.Plane object at 0x000002C3D49339D0>, <CesiumPy.Plane object at 0x000002C3D4933A90>, <CesiumPy.Plane object at 0x000002C3D4933850>, <CesiumPy.Plane object at 0x000002C3D4933C10>, <CesiumPy.Plane object at 0x000002C3D4933CD0>]"
Jacobs Management Center,4.8,"[[-78.786523, 42.999599], [-78.786522, 42.999492], [-78.786559, 42.999492], [-78.786559, 42.999385], [-78.787199, 42.999385], [-78.787199, 42.999418], [-78.787282, 42.999418], [-78.787282, 42.999454], [-78.787368, 42.999454], [-78.787369, 42.99972], [-78.786523, 42.99972], [-78.786523, 42.999635], [-78.786439, 42.999635], [-78.786439, 42.999613], [-78.786459, 42.999599], [-78.786523, 42.999599], [-78.786523, 42.999599]]","[[-78.786523, 42.99972], [-78.786523, 42.999635], [-78.786439, 42.999635], [-78.787369, 42.99972], [-78.787282, 42.999418], [-78.787282, 42.999454], [-78.787368, 42.999454], [-78.787199, 42.999385], [-78.787199, 42.999418], [-78.787282, 42.999418], [-78.787282, 42.999454], [-78.787368, 42.999454], [-78.787199, 42.999385], [-78.787199, 42.999418], [-78.787282, 42.999418], [-78.787282, 42.999454], [-78.786559, 42.999385], [-78.786523, 42.999599], [-78.786523, 42.999635], [-78.786439, 42.999635], [-78.786439, 42.999613], [-78.786459, 42.999599], [-78.786523, 42.999599], [-78.786523, 42.999599], [-78.786523, 42.99972], [-78.786523, 42.999635], [-78.786439, 42.999635], [-78.786439, 42.999613], [-78.786459, 42.999599], [-78.786523, 42.999599]]","[[11.887201501837772, 4.8], [3.017040661114796, 4.8], [11.886921602649139, 4.8], [52.18673983860576, 4.8], [3.666059910481572, 4.8], [6.767964201209805, 4.8], [3.999338107777725, 4.8], [7.012585318722022, 4.8], [29.550778190277423, 4.8], [68.98397195923427, 4.8], [9.442882043318939, 4.8], [6.849481834787398, 4.8], [2.4440400347834226, 4.8], [2.253565672125413, 4.8], [5.218655873838876, 4.8], [0.0, 4.8]]","[<CesiumPy.Plane object at 0x000002C3D493C190>, <CesiumPy.Plane object at 0x000002C3D4933F10>, <CesiumPy.Plane object at 0x000002C3D4933FD0>, <CesiumPy.Plane object at 0x000002C3D4933B80>, <CesiumPy.Plane object at 0x000002C3D4932800>, <CesiumPy.Plane object at 0x000002C3D4933E50>, <CesiumPy.Plane object at 0x000002C3D4933910>, <CesiumPy.Plane object at 0x000002C3D493C5E0>, <CesiumPy.Plane object at 0x000002C3D493C370>, <CesiumPy.Plane object at 0x000002C3D493C430>, <CesiumPy.Plane object at 0x000002C3D493C250>, <CesiumPy.Plane object at 0x000002C3D493C640>, <CesiumPy.Plane object at 0x000002C3D493C700>, <CesiumPy.Plane object at 0x000002C3D493C7C0>, <CesiumPy.Plane object at 0x000002C3D493C880>, <CesiumPy.Plane object at 0x000002C3D493C940>]"
Jarvis Hall,15.5,"[[-78.787326, 43.002494], [-78.786798, 43.002496], [-78.786798, 43.002457], [-78.786762, 43.002457], [-78.786762, 43.002376], [-78.786797, 43.002376], [-78.786797, 43.002323], [-78.786787, 43.002323], [-78.786786, 43.002147], [-78.786749, 43.002147], [-78.786749, 43.002118], [-78.786866, 43.002117], [-78.786866, 43.002146], [-78.787289, 43.002145], [-78.787289, 43.002153], [-78.787336, 43.002153], [-78.787338, 43.00232], [-78.787325, 43.00232], [-78.787325, 43.002373], [-78.787364, 43.002373], [-78.787365, 43.002469], [-78.787326, 43.00247], [-78.787326, 43.002494], [-78.787326, 43.002494]]","[[-78.787326, 43.002494], [-78.787365, 43.002469], [-78.787326, 43.00247], [-78.787326, 43.002494], [-78.787326, 43.002494], [-78.787325, 43.002373], [-78.787364, 43.002373], [-78.787365, 43.002469], [-78.787326, 43.00247], [-78.787326, 43.002494], [-78.787338, 43.00232], [-78.787325, 43.00232], [-78.787325, 43.002373], [-78.787364, 43.002373], [-78.787365, 43.002469], [-78.787326, 43.00247], [-78.787289, 43.002145], [-78.787289, 43.002153], [-78.787336, 43.002153], [-78.787289, 43.002145], [-78.787289, 43.002153], [-78.787336, 43.002153], [-78.786786, 43.002147], [-78.786866, 43.002117], [-78.786866, 43.002146], [-78.786786, 43.002147], [-78.786749, 43.002147], [-78.786749, 43.002118], [-78.786786, 43.002147], [-78.786749, 43.002147], [-78.786749, 43.002118], [-78.786798, 43.002496], [-78.786798, 43.002457], [-78.786762, 43.002457], [-78.786762, 43.002376], [-78.786797, 43.002376], [-78.786798, 43.002496], [-78.786798, 43.002457], [-78.786762, 43.002457]]","[[43.05246225546637, 15.5], [4.3326185927971785, 15.5], [2.9353578727532526, 15.5], [8.99851544629201, 15.5], [2.8538239033238604, 15.5], [5.887917444209521, 15.5], [0.8153789589690505, 15.5], [19.552499249933657, 15.5], [3.016910759227607, 15.5], [3.221690554576781, 15.5], [9.540612427480147, 15.5], [3.221690554034159, 15.5], [34.49080815473107, 15.5], [0.8887422239680562, 15.5], [3.8322916715540645, 15.5], [18.55321092566128, 15.5], [1.059992698697159, 15.5], [5.887917441408039, 15.5], [3.1799753603557606, 15.5], [10.665218894663667, 15.5], [3.18191031404183, 15.5], [2.6662268280644104, 15.5], [0.0, 15.5]]","[<CesiumPy.Plane object at 0x000002C3D493C520>, <CesiumPy.Plane object at 0x000002C3D493CAF0>, <CesiumPy.Plane object at 0x000002C3D493CBB0>, <CesiumPy.Plane object at 0x000002C3D493CC70>, <CesiumPy.Plane object at 0x000002C3D493CA00>, <CesiumPy.Plane object at 0x000002C3D493CFD0>, <CesiumPy.Plane object at 0x000002C3D493CEB0>, <CesiumPy.Plane object at 0x000002C3D493CF70>, <CesiumPy.Plane object at 0x000002C3D493CD30>, <CesiumPy.Plane object at 0x000002C3D493D0F0>, <CesiumPy.Plane object at 0x000002C3D493D1B0>, <CesiumPy.Plane object at 0x000002C3D493D270>, <CesiumPy.Plane object at 0x000002C3D493D330>, <CesiumPy.Plane object at 0x000002C3D493D3F0>, <CesiumPy.Plane object at 0x000002C3D493D4B0>, <CesiumPy.Plane object at 0x000002C3D493D570>, <CesiumPy.Plane object at 0x000002C3D493D630>, <CesiumPy.Plane object at 0x000002C3D493D6F0>, <CesiumPy.Plane object at 0x000002C3D493D7B0>, <CesiumPy.Plane object at 0x000002C3D493D870>, <CesiumPy.Plane object at 0x000002C3D493D930>, <CesiumPy.Plane object at 0x000002C3D493D9F0>, <CesiumPy.Plane object at 0x000002C3D493DAB0>]"
Jarvis Hall,15.5,"[[-78.787326, 43.002494], [-78.786798, 43.002496], [-78.786798, 43.002457], [-78.786762, 43.002457], [-78.786762, 43.002376], [-78.786797, 43.002376], [-78.786797, 43.002323], [-78.786787, 43.002323], [-78.786786, 43.002147], [-78.786749, 43.002147], [-78.786749, 43.002118], [-78.786866, 43.002117], [-78.786866, 43.002146], [-78.787289, 43.002145], [-78.787289, 43.002153], [-78.787336, 43.002153], [-78.787338, 43.00232], [-78.787325, 43.00232], [-78.787325, 43.002373], [-78.787364, 43.002373], [-78.787365, 43.002469], [-78.787326, 43.00247], [-78.787326, 43.002494], [-78.787326, 43.002494]]","[[-78.787326, 43.002494], [-78.787365, 43.002469], [-78.787326, 43.00247], [-78.787326, 43.002494], [-78.787326, 43.002494], [-78.787325, 43.002373], [-78.787364, 43.002373], [-78.787365, 43.002469], [-78.787326, 43.00247], [-78.787326, 43.002494], [-78.787338, 43.00232], [-78.787325, 43.00232], [-78.787325, 43.002373], [-78.787364, 43.002373], [-78.787365, 43.002469], [-78.787326, 43.00247], [-78.787289, 43.002145], [-78.787289, 43.002153], [-78.787336, 43.002153], [-78.787289, 43.002145], [-78.787289, 43.002153], [-78.787336, 43.002153], [-78.786786, 43.002147], [-78.786866, 43.002117], [-78.786866, 43.002146], [-78.786786, 43.002147], [-78.786749, 43.002147], [-78.786749, 43.002118], [-78.786786, 43.002147], [-78.786749, 43.002147], [-78.786749, 43.002118], [-78.786798, 43.002496], [-78.786798, 43.002457], [-78.786762, 43.002457], [-78.786762, 43.002376], [-78.786797, 43.002376], [-78.786798, 43.002496], [-78.786798, 43.002457], [-78.786762, 43.002457]]","[[43.05246225546637, 15.5], [4.3326185927971785, 15.5], [2.9353578727532526, 15.5], [8.99851544629201, 15.5], [2.8538239033238604, 15.5], [5.887917444209521, 15.5], [0.8153789589690505, 15.5], [19.552499249933657, 15.5], [3.016910759227607, 15.5], [3.221690554576781, 15.5], [9.540612427480147, 15.5], [3.221690554034159, 15.5], [34.49080815473107, 15.5], [0.8887422239680562, 15.5], [3.8322916715540645, 15.5], [18.55321092566128, 15.5], [1.059992698697159, 15.5], [5.887917441408039, 15.5], [3.1799753603557606, 15.5], [10.665218894663667, 15.5], [3.18191031404183, 15.5], [2.6662268280644104, 15.5], [0.0, 15.5]]","[<CesiumPy.Plane object at 0x000002C3D493CDF0>, <CesiumPy.Plane object at 0x000002C3D493DC30>, <CesiumPy.Plane object at 0x000002C3D493DCF0>, <CesiumPy.Plane object at 0x000002C3D493DDB0>, <CesiumPy.Plane object at 0x000002C3D493DB70>, <CesiumPy.Plane object at 0x000002C3D493E110>, <CesiumPy.Plane object at 0x000002C3D493DFF0>, <CesiumPy.Plane object at 0x000002C3D493E0B0>, <CesiumPy.Plane object at 0x000002C3D493DE70>, <CesiumPy.Plane object at 0x000002C3D493E230>, <CesiumPy.Plane object at 0x000002C3D493E2F0>, <CesiumPy.Plane object at 0x000002C3D493E3B0>, <CesiumPy.Plane object at 0x000002C3D493E470>, <CesiumPy.Plane object at 0x000002C3D493E530>, <CesiumPy.Plane object at 0x000002C3D493E5F0>, <CesiumPy.Plane object at 0x000002C3D493E6B0>, <CesiumPy.Plane object at 0x000002C3D493E770>, <CesiumPy.Plane object at 0x000002C3D493E830>, <CesiumPy.Plane object at 0x000002C3D493E8F0>, <CesiumPy.Plane object at 0x000002C3D493E9B0>, <CesiumPy.Plane object at 0x000002C3D493EA70>, <CesiumPy.Plane object at 0x000002C3D493EB30>, <CesiumPy.Plane object at 0x000002C3D493EBF0>]"
Jarvis Hall,15.5,"[[-78.787326, 43.002494], [-78.786798, 43.002496], [-78.786798, 43.002457], [-78.786762, 43.002457], [-78.786762, 43.002376], [-78.786797, 43.002376], [-78.786797, 43.002323], [-78.786787, 43.002323], [-78.786786, 43.002147], [-78.786749, 43.002147], [-78.786749, 43.002118], [-78.786866, 43.002117], [-78.786866, 43.002146], [-78.787289, 43.002145], [-78.787289, 43.002153], [-78.787336, 43.002153], [-78.787338, 43.00232], [-78.787325, 43.00232], [-78.787325, 43.002373], [-78.787364, 43.002373], [-78.787365, 43.002469], [-78.787326, 43.00247], [-78.787326, 43.002494], [-78.787326, 43.002494]]","[[-78.787326, 43.002494], [-78.787365, 43.002469], [-78.787326, 43.00247], [-78.787326, 43.002494], [-78.787326, 43.002494], [-78.787325, 43.002373], [-78.787364, 43.002373], [-78.787365, 43.002469], [-78.787326, 43.00247], [-78.787326, 43.002494], [-78.787338, 43.00232], [-78.787325, 43.00232], [-78.787325, 43.002373], [-78.787364, 43.002373], [-78.787365, 43.002469], [-78.787326, 43.00247], [-78.787289, 43.002145], [-78.787289, 43.002153], [-78.787336, 43.002153], [-78.787289, 43.002145], [-78.787289, 43.002153], [-78.787336, 43.002153], [-78.786786, 43.002147], [-78.786866, 43.002117], [-78.786866, 43.002146], [-78.786786, 43.002147], [-78.786749, 43.002147], [-78.786749, 43.002118], [-78.786786, 43.002147], [-78.786749, 43.002147], [-78.786749, 43.002118], [-78.786798, 43.002496], [-78.786798, 43.002457], [-78.786762, 43.002457], [-78.786762, 43.002376], [-78.786797, 43.002376], [-78.786798, 43.002496], [-78.786798, 43.002457], [-78.786762, 43.002457]]","[[43.05246225546637, 15.5], [4.3326185927971785, 15.5], [2.9353578727532526, 15.5], [8.99851544629201, 15.5], [2.8538239033238604, 15.5], [5.887917444209521, 15.5], [0.8153789589690505, 15.5], [19.552499249933657, 15.5], [3.016910759227607, 15.5], [3.221690554576781, 15.5], [9.540612427480147, 15.5], [3.221690554034159, 15.5], [34.49080815473107, 15.5], [0.8887422239680562, 15.5], [3.8322916715540645, 15.5], [18.55321092566128, 15.5], [1.059992698697159, 15.5], [5.887917441408039, 15.5], [3.1799753603557606, 15.5], [10.665218894663667, 15.5], [3.18191031404183, 15.5], [2.6662268280644104, 15.5], [0.0, 15.5]]","[<CesiumPy.Plane object at 0x000002C3D493DF30>, <CesiumPy.Plane object at 0x000002C3D493ED70>, <CesiumPy.Plane object at 0x000002C3D493EE30>, <CesiumPy.Plane object at 0x000002C3D493EEF0>, <CesiumPy.Plane object at 0x000002C3D493ECB0>, <CesiumPy.Plane object at 0x000002C3D493F250>, <CesiumPy.Plane object at 0x000002C3D493F130>, <CesiumPy.Plane object at 0x000002C3D493F1F0>, <CesiumPy.Plane object at 0x000002C3D493EFB0>, <CesiumPy.Plane object at 0x000002C3D493F370>, <CesiumPy.Plane object at 0x000002C3D493F430>, <CesiumPy.Plane object at 0x000002C3D493F4F0>, <CesiumPy.Plane object at 0x000002C3D493F5B0>, <CesiumPy.Plane object at 0x000002C3D493F670>, <CesiumPy.Plane object at 0x000002C3D493F730>, <CesiumPy.Plane object at 0x000002C3D493F7F0>, <CesiumPy.Plane object at 0x000002C3D493F8B0>, <CesiumPy.Plane object at 0x000002C3D493F970>, <CesiumPy.Plane object at 0x000002C3D493FA30>, <CesiumPy.Plane object at 0x000002C3D493FAF0>, <CesiumPy.Plane object at 0x000002C3D493FBB0>, <CesiumPy.Plane object at 0x000002C3D493FC70>, <CesiumPy.Plane object at 0x000002C3D493FD30>]"
Lockwood Memorial Library,23.1,"[[-78.785706, 42.999893], [-78.786399, 42.99989], [-78.786405, 43.00061], [-78.785711, 43.000613], [-78.78571, 43.000502], [-78.785863, 43.00039], [-78.785863, 43.000369], [-78.785862, 43.000336], [-78.785709, 43.000336], [-78.785706, 42.999893], [-78.785706, 42.999893]]","[[-78.785711, 43.000613], [-78.786405, 43.00061], [-78.786399, 42.99989], [-78.785706, 42.999893], [-78.785706, 42.999893], [-78.78571, 43.000502]]","[[56.50897289479221, 23.1], [79.98826979907945, 23.1], [56.589851846489104, 23.1], [12.331564513184807, 23.1], [17.6197486431584, 23.1], [2.3329476156212032, 23.1], [3.666967220599174, 23.1], [12.475700087042377, 23.1], [49.21469107723323, 23.1], [0.0, 23.1]]","[<CesiumPy.Plane object at 0x000002C3D49481F0>, <CesiumPy.Plane object at 0x000002C3D493FF70>, <CesiumPy.Plane object at 0x000002C3D493FDF0>, <CesiumPy.Plane object at 0x000002C3D493FEB0>, <CesiumPy.Plane object at 0x000002C3D493E1A0>, <CesiumPy.Plane object at 0x000002C3D4948070>, <CesiumPy.Plane object at 0x000002C3D493F070>, <CesiumPy.Plane object at 0x000002C3D4948610>, <CesiumPy.Plane object at 0x000002C3D49483D0>, <CesiumPy.Plane object at 0x000002C3D49484F0>]"
Clemens Hall,35.6,"[[-78.785183, 43.000134], [-78.785185, 43.00032], [-78.78517, 43.00032], [-78.785171, 43.000398], [-78.785227, 43.000398], [-78.785229, 43.000585], [-78.785188, 43.000585], [-78.785188, 43.00061], [-78.785203, 43.00061], [-78.785203, 43.000649], [-78.78515, 43.000649], [-78.78515, 43.000611], [-78.785025, 43.000611], [-78.785025, 43.000576], [-78.784917, 43.000577], [-78.784917, 43.000587], [-78.784708, 43.000588], [-78.784707, 43.000434], [-78.784912, 43.000433], [-78.784912, 43.000445], [-78.785023, 43.000445], [-78.785023, 43.000418], [-78.784971, 43.000418], [-78.78497, 43.000385], [-78.78499, 43.000359], [-78.784988, 43.000158], [-78.78507, 43.000158], [-78.78507, 43.000133], [-78.785054, 43.000133], [-78.785053, 43.000095], [-78.785105, 43.000094], [-78.785106, 43.000134], [-78.785183, 43.000134], [-78.785183, 43.000134]]","[[-78.784707, 43.000434], [-78.784708, 43.000588], [-78.785229, 43.000585], [-78.785188, 43.000585], [-78.785188, 43.00061], [-78.785203, 43.00061], [-78.785203, 43.000649], [-78.78515, 43.000649], [-78.78515, 43.000611], [-78.785229, 43.000585], [-78.785188, 43.000585], [-78.785188, 43.00061], [-78.785203, 43.00061], [-78.785203, 43.000649], [-78.78515, 43.000649], [-78.78515, 43.000611], [-78.785229, 43.000585], [-78.785188, 43.000585], [-78.785188, 43.00061], [-78.785203, 43.00061], [-78.785203, 43.000649], [-78.78515, 43.000649], [-78.78515, 43.000611], [-78.785185, 43.00032], [-78.78517, 43.00032], [-78.785171, 43.000398], [-78.785227, 43.000398], [-78.785183, 43.000134], [-78.785105, 43.000094], [-78.785106, 43.000134], [-78.785183, 43.000134], [-78.785183, 43.000134], [-78.78507, 43.000158], [-78.78507, 43.000133], [-78.785054, 43.000133], [-78.785053, 43.000095], [-78.785105, 43.000094], [-78.785106, 43.000134], [-78.785183, 43.000134], [-78.784988, 43.000158], [-78.78507, 43.000158], [-78.78507, 43.000133], [-78.785054, 43.000133], [-78.785053, 43.000095], [-78.785105, 43.000094], [-78.785106, 43.000134], [-78.784988, 43.000158], [-78.78507, 43.000158], [-78.78507, 43.000133], [-78.785054, 43.000133], [-78.785053, 43.000095]]","[[20.66389329148936, 35.6], [1.223108169445886, 35.6], [8.665617610740735, 35.6], [4.5662647218108505, 35.6], [20.774983549321426, 35.6], [3.3431479609745662, 35.6], [2.777318695650217, 35.6], [1.2231024160148674, 35.6], [4.332617190892345, 35.6], [4.321625805496471, 35.6], [4.2215244424593505, 35.6], [10.192519974340703, 35.6], [3.8882461708100142, 35.6], [8.807042880412904, 35.6], [1.110927475769928, 35.6], [17.042261984024023, 35.6], [17.108477222905808, 35.6], [16.71615003304683, 35.6], [1.3331129367364498, 35.6], [9.050982102454505, 35.6], [2.9995041042197985, 35.6], [4.240101580381738, 35.6], [3.6669672501898094, 35.6], [3.3169955803404103, 35.6], [22.330236502057716, 35.6], [6.686342224189356, 35.6], [2.777318475595136, 35.6], [1.3046526703314605, 35.6], [4.222311486478686, 35.6], [4.2415789108469975, 35.6], [4.44445760010977, 35.6], [6.27864087364179, 35.6], [0.0, 35.6]]","[<CesiumPy.Plane object at 0x000002C3D4948250>, <CesiumPy.Plane object at 0x000002C3D4948670>, <CesiumPy.Plane object at 0x000002C3D4948730>, <CesiumPy.Plane object at 0x000002C3D49487F0>, <CesiumPy.Plane object at 0x000002C3D4948310>, <CesiumPy.Plane object at 0x000002C3D4948B50>, <CesiumPy.Plane object at 0x000002C3D4948A30>, <CesiumPy.Plane object at 0x000002C3D4948AF0>, <CesiumPy.Plane object at 0x000002C3D49488B0>, <CesiumPy.Plane object at 0x000002C3D4948C70>, <CesiumPy.Plane object at 0x000002C3D4948D30>, <CesiumPy.Plane object at 0x000002C3D4948DF0>, <CesiumPy.Plane object at 0x000002C3D4948EB0>, <CesiumPy.Plane object at 0x000002C3D4948F70>, <CesiumPy.Plane object at 0x000002C3D4949030>, <CesiumPy.Plane object at 0x000002C3D49490F0>, <CesiumPy.Plane object at 0x000002C3D49491B0>, <CesiumPy.Plane object at 0x000002C3D4949270>, <CesiumPy.Plane object at 0x000002C3D4949330>, <CesiumPy.Plane object at 0x000002C3D49493F0>, <CesiumPy.Plane object at 0x000002C3D49494B0>, <CesiumPy.Plane object at 0x000002C3D4949570>, <CesiumPy.Plane object at 0x000002C3D4949630>, <CesiumPy.Plane object at 0x000002C3D49496F0>, <CesiumPy.Plane object at 0x000002C3D49497B0>, <CesiumPy.Plane object at 0x000002C3D4949870>, <CesiumPy.Plane object at 0x000002C3D4949930>, <CesiumPy.Plane object at 0x000002C3D49499F0>, <CesiumPy.Plane object at 0x000002C3D4949AB0>, <CesiumPy.Plane object at 0x000002C3D4949B70>, <CesiumPy.Plane object at 0x000002C3D4949C30>, <CesiumPy.Plane object at 0x000002C3D4949CF0>, <CesiumPy.Plane object at 0x000002C3D4949DB0>]"
Baird Hall,6.9,"[[-78.784666, 43.000213], [-78.784651, 43.000228], [-78.784622, 43.000225], [-78.784614, 43.000213], [-78.784614, 43.000169], [-78.784002, 43.00017], [-78.784002, 43.000033], [-78.784109, 43.000033], [-78.784109, 42.999953], [-78.784121, 42.999945], [-78.784148, 42.999945], [-78.784148, 42.999983], [-78.784647, 42.999982], [-78.784647, 42.999937], [-78.784947, 42.999937], [-78.784947, 43.000051], [-78.78488, 43.000101], [-78.784695, 43.000101], [-78.784659, 43.000133], [-78.784638, 43.000133], [-78.784638, 43.000158], [-78.784666, 43.000158], [-78.784666, 43.000213], [-78.784666, 43.000213]]","[[-78.784002, 43.00017], [-78.784666, 43.000213], [-78.784651, 43.000228], [-78.784622, 43.000225], [-78.784614, 43.000213], [-78.784614, 43.000169], [-78.784659, 43.000133], [-78.784638, 43.000133], [-78.784638, 43.000158], [-78.784666, 43.000158], [-78.784666, 43.000213], [-78.784947, 43.000051], [-78.78488, 43.000101], [-78.784947, 43.000051], [-78.78488, 43.000101], [-78.784947, 42.999937], [-78.784647, 42.999982], [-78.784647, 42.999937], [-78.784109, 43.000033], [-78.784109, 42.999953], [-78.784121, 42.999945], [-78.784148, 42.999945], [-78.784148, 42.999983], [-78.784109, 43.000033], [-78.784109, 42.999953], [-78.784121, 42.999945], [-78.784148, 42.999945], [-78.784148, 42.999983], [-78.784002, 43.000033]]","[[2.0670891956181667, 6.9], [2.3880500290493774, 6.9], [1.4841557942732573, 6.9], [4.888080557092688, 6.9], [49.90305875053779, 6.9], [15.219705129710327, 6.9], [8.724878880775172, 6.9], [8.88741888483375, 6.9], [1.3218583703520572, 6.9], [2.201608093364559, 6.9], [4.2215239494171986, 6.9], [40.68910611606506, 6.9], [4.999173092718011, 6.9], [24.462315319157035, 6.9], [12.66457191288019, 6.9], [7.791082177456421, 6.9], [15.085054327077346, 6.9], [4.610290087463467, 6.9], [1.7123566298824624, 6.9], [2.777318475595136, 6.9], [2.283141247142937, 6.9], [6.110100691130851, 6.9], [0.0, 6.9]]","[<CesiumPy.Plane object at 0x000002C3D4948BE0>, <CesiumPy.Plane object at 0x000002C3D4949F30>, <CesiumPy.Plane object at 0x000002C3D4949FF0>, <CesiumPy.Plane object at 0x000002C3D494A0B0>, <CesiumPy.Plane object at 0x000002C3D4949E70>, <CesiumPy.Plane object at 0x000002C3D494A410>, <CesiumPy.Plane object at 0x000002C3D494A2F0>, <CesiumPy.Plane object at 0x000002C3D494A3B0>, <CesiumPy.Plane object at 0x000002C3D494A170>, <CesiumPy.Plane object at 0x000002C3D494A530>, <CesiumPy.Plane object at 0x000002C3D494A5F0>, <CesiumPy.Plane object at 0x000002C3D494A6B0>, <CesiumPy.Plane object at 0x000002C3D494A770>, <CesiumPy.Plane object at 0x000002C3D494A830>, <CesiumPy.Plane object at 0x000002C3D494A8F0>, <CesiumPy.Plane object at 0x000002C3D494A9B0>, <CesiumPy.Plane object at 0x000002C3D494AA70>, <CesiumPy.Plane object at 0x000002C3D494AB30>, <CesiumPy.Plane object at 0x000002C3D494ABF0>, <CesiumPy.Plane object at 0x000002C3D494ACB0>, <CesiumPy.Plane object at 0x000002C3D494AD70>, <CesiumPy.Plane object at 0x000002C3D494AE30>, <CesiumPy.Plane object at 0x000002C3D494AEF0>]"
Slee Hall,8.0,"[[-78.784291, 43.000597], [-78.783724, 43.000599], [-78.783722, 43.000311], [-78.784289, 43.000309], [-78.784291, 43.000597], [-78.784291, 43.000597]]","[[-78.784291, 43.000597], [-78.784291, 43.000597], [-78.784289, 43.000309], [-78.783722, 43.000311], [-78.783724, 43.000599]]","[[46.23381423158635, 8.0], [31.99512619418929, 8.0], [46.23403016648307, 8.0], [31.99512618443994, 8.0], [0.0, 8.0]]","[<CesiumPy.Plane object at 0x000002C3D494A230>, <CesiumPy.Plane object at 0x000002C3D494B070>, <CesiumPy.Plane object at 0x000002C3D494B130>, <CesiumPy.Plane object at 0x000002C3D494B1F0>, <CesiumPy.Plane object at 0x000002C3D494AFB0>]"
Student Union,17.2,"[[-78.786268, 43.001568], [-78.786268, 43.001515], [-78.786142, 43.001515], [-78.786019, 43.001494], [-78.785907, 43.001442], [-78.785831, 43.001374], [-78.785786, 43.001287], [-78.785777, 43.001157], [-78.785701, 43.001157], [-78.7857, 43.000859], [-78.786066, 43.000858], [-78.786144, 43.000801], [-78.786143, 43.000858], [-78.786808, 43.000857], [-78.786809, 43.001236], [-78.786574, 43.001237], [-78.786574, 43.001264], [-78.786683, 43.001264], [-78.786684, 43.001567], [-78.786268, 43.001568], [-78.786268, 43.001568]]","[[-78.786809, 43.001236], [-78.786808, 43.000857], [-78.786066, 43.000858], [-78.786144, 43.000801], [-78.786143, 43.000858], [-78.7857, 43.000859], [-78.785777, 43.001157], [-78.785701, 43.001157], [-78.785907, 43.001442], [-78.785831, 43.001374], [-78.785786, 43.001287], [-78.785907, 43.001442], [-78.785831, 43.001374], [-78.786019, 43.001494], [-78.786268, 43.001568], [-78.786268, 43.001515], [-78.786268, 43.001568], [-78.786684, 43.001567]]","[[5.887916610513951, 17.2], [10.27390951113124, 17.2], [10.297057414426797, 17.2], [10.806104404125607, 17.2], [9.770876664924067, 17.2], [10.338137405727943, 17.2], [14.4606916974995, 17.2], [6.1969972708191845, 17.2], [33.10574165582809, 17.2], [29.843785469524583, 17.2], [8.97490141837424, 17.2], [6.332811850922088, 17.2], [54.22410330047494, 17.2], [42.10423370142206, 17.2], [19.16206520843516, 17.2], [2.999504534807823, 17.2], [8.887783294851763, 17.2], [33.661206183460116, 17.2], [33.92036221596609, 17.2], [0.0, 17.2]]","[<CesiumPy.Plane object at 0x000002C3D494B370>, <CesiumPy.Plane object at 0x000002C3D494B430>, <CesiumPy.Plane object at 0x000002C3D494B4F0>, <CesiumPy.Plane object at 0x000002C3D494B2B0>, <CesiumPy.Plane object at 0x000002C3D494B550>, <CesiumPy.Plane object at 0x000002C3D494B910>, <CesiumPy.Plane object at 0x000002C3D494B7F0>, <CesiumPy.Plane object at 0x000002C3D494B8B0>, <CesiumPy.Plane object at 0x000002C3D494B670>, <CesiumPy.Plane object at 0x000002C3D494BA30>, <CesiumPy.Plane object at 0x000002C3D494BAF0>, <CesiumPy.Plane object at 0x000002C3D494BBB0>, <CesiumPy.Plane object at 0x000002C3D494BC70>, <CesiumPy.Plane object at 0x000002C3D494BD30>, <CesiumPy.Plane object at 0x000002C3D494BEB0>, <CesiumPy.Plane object at 0x000002C3D494BF70>, <CesiumPy.Plane object at 0x000002C3D494BDF0>, <CesiumPy.Plane object at 0x000002C3D494B5E0>, <CesiumPy.Plane object at 0x000002C3D494B730>, <CesiumPy.Plane object at 0x000002C3D495C490>]"
Bell Hall,19.9,"[[-78.786786, 43.001385], [-78.787387, 43.001384], [-78.787387, 43.001447], [-78.787401, 43.001447], [-78.787401, 43.001616], [-78.787387, 43.001616], [-78.787387, 43.001679], [-78.786862, 43.001679], [-78.786862, 43.001553], [-78.786797, 43.001506], [-78.786775, 43.001506], [-78.786786, 43.001385], [-78.786786, 43.001385]]","[[-78.786862, 43.001553], [-78.786797, 43.001506], [-78.786775, 43.001506], [-78.786862, 43.001679], [-78.787401, 43.001616], [-78.787387, 43.001616], [-78.787387, 43.001679], [-78.787401, 43.001616], [-78.787387, 43.001616], [-78.787387, 43.001679], [-78.787387, 43.001384], [-78.787387, 43.001447], [-78.787401, 43.001447], [-78.787387, 43.001384], [-78.787387, 43.001447], [-78.787401, 43.001447], [-78.786786, 43.001385], [-78.786786, 43.001385]]","[[49.005147221458536, 19.9], [6.998844117542573, 19.9], [1.1415467606641576, 19.9], [18.7746774604563, 19.9], [1.1415436318939542, 19.9], [6.998844402250579, 19.9], [42.80784243527718, 19.9], [13.997688727842355, 19.9], [7.439955208303354, 19.9], [1.7938574780437693, 19.9], [13.472114975690737, 19.9], [0.0, 19.9]]","[<CesiumPy.Plane object at 0x000002C3D495C1F0>, <CesiumPy.Plane object at 0x000002C3D495C070>, <CesiumPy.Plane object at 0x000002C3D495C130>, <CesiumPy.Plane object at 0x000002C3D495C4F0>, <CesiumPy.Plane object at 0x000002C3D495C250>, <CesiumPy.Plane object at 0x000002C3D495C850>, <CesiumPy.Plane object at 0x000002C3D495C730>, <CesiumPy.Plane object at 0x000002C3D495C7F0>, <CesiumPy.Plane object at 0x000002C3D495C5B0>, <CesiumPy.Plane object at 0x000002C3D495C970>, <CesiumPy.Plane object at 0x000002C3D495CA30>, <CesiumPy.Plane object at 0x000002C3D495CAF0>]"
Center for the Arts,14.8,"[[-78.782234, 43.000567], [-78.783026, 43.000564], [-78.783026, 43.000529], [-78.783137, 43.000529], [-78.783137, 43.000564], [-78.783475, 43.000563], [-78.783475, 43.000602], [-78.783579, 43.000602], [-78.783579, 43.000681], [-78.783476, 43.000681], [-78.783479, 43.001284], [-78.783491, 43.001284], [-78.783491, 43.001397], [-78.783142, 43.001398], [-78.783142, 43.001521], [-78.783031, 43.001522], [-78.783031, 43.001398], [-78.782807, 43.001399], [-78.782807, 43.001382], [-78.782433, 43.001383], [-78.782433, 43.0014], [-78.782239, 43.001401], [-78.782234, 43.000567], [-78.782234, 43.000567]]","[[-78.782234, 43.000567], [-78.782234, 43.000567], [-78.782239, 43.001401], [-78.783031, 43.001522], [-78.783142, 43.001521], [-78.783491, 43.001397], [-78.783579, 43.000602], [-78.783579, 43.000681], [-78.783579, 43.000602], [-78.783579, 43.000681], [-78.783475, 43.000563], [-78.783475, 43.000602], [-78.783137, 43.000529], [-78.783137, 43.000564], [-78.783026, 43.000564], [-78.783026, 43.000529]]","[[64.58071418312038, 14.8], [3.888246139629205, 14.8], [9.050969772751317, 14.8], [3.888246139629205, 14.8], [27.560819140188887, 14.8], [4.332617153189013, 14.8], [8.480177857191817, 14.8], [8.776327147455998, 14.8], [8.39862692560884, 14.8], [66.98937809694101, 14.8], [0.978471237918689, 14.8], [12.553482142476666, 14.8], [28.457369636821333, 14.8], [13.664410050960514, 14.8], [9.051505859867605, 14.8], [13.77550281661892, 14.8], [18.265100376234123, 14.8], [1.8885769766536804, 14.8], [30.495840554854556, 14.8], [1.8885769764113636, 14.8], [15.818978554372341, 14.8], [92.65225498119236, 14.8], [0.0, 14.8]]","[<CesiumPy.Plane object at 0x000002C3D495C8E0>, <CesiumPy.Plane object at 0x000002C3D495CC70>, <CesiumPy.Plane object at 0x000002C3D495CD30>, <CesiumPy.Plane object at 0x000002C3D495CDF0>, <CesiumPy.Plane object at 0x000002C3D495CBB0>, <CesiumPy.Plane object at 0x000002C3D495D150>, <CesiumPy.Plane object at 0x000002C3D495D030>, <CesiumPy.Plane object at 0x000002C3D495D0F0>, <CesiumPy.Plane object at 0x000002C3D495CEB0>, <CesiumPy.Plane object at 0x000002C3D495D270>, <CesiumPy.Plane object at 0x000002C3D495D330>, <CesiumPy.Plane object at 0x000002C3D495D3F0>, <CesiumPy.Plane object at 0x000002C3D495D4B0>, <CesiumPy.Plane object at 0x000002C3D495D570>, <CesiumPy.Plane object at 0x000002C3D495D630>, <CesiumPy.Plane object at 0x000002C3D495D6F0>, <CesiumPy.Plane object at 0x000002C3D495D7B0>, <CesiumPy.Plane object at 0x000002C3D495D870>, <CesiumPy.Plane object at 0x000002C3D495D930>, <CesiumPy.Plane object at 0x000002C3D495D9F0>, <CesiumPy.Plane object at 0x000002C3D495DAB0>, <CesiumPy.Plane object at 0x000002C3D495DB70>, <CesiumPy.Plane object at 0x000002C3D495DC30>]"
Cooke Hall,43.8,"[[-78.791506, 42.9998], [-78.791712, 42.999949], [-78.791712, 42.999934], [-78.791853, 42.999933], [-78.791854, 43.000059], [-78.791713, 43.000059], [-78.791713, 43.000047], [-78.791514, 43.000197], [-78.79153, 43.000197], [-78.791531, 43.000278], [-78.791442, 43.000279], [-78.791358, 43.000279], [-78.791358, 43.000197], [-78.791394, 43.000197], [-78.791174, 43.000037], [-78.791175, 43.000061], [-78.791033, 43.000062], [-78.791032, 42.999936], [-78.791173, 42.999936], [-78.791174, 42.999964], [-78.791394, 42.999801], [-78.791356, 42.999801], [-78.791355, 42.999697], [-78.791527, 42.999696], [-78.791528, 42.9998], [-78.791506, 42.9998], [-78.791506, 42.9998]]","[[-78.791854, 43.000059], [-78.791853, 42.999933], [-78.791527, 42.999696], [-78.791355, 42.999697], [-78.791032, 42.999936], [-78.791033, 43.000062], [-78.791442, 43.000279], [-78.791358, 43.000279], [-78.791358, 43.000197], [-78.791394, 43.000197], [-78.791514, 43.000197], [-78.79153, 43.000197], [-78.791531, 43.000278], [-78.791442, 43.000279], [-78.791358, 43.000279], [-78.791358, 43.000197], [-78.791394, 43.000197], [-78.791514, 43.000197], [-78.79153, 43.000197], [-78.791531, 43.000278], [-78.791442, 43.000279]]","[[23.58285137607521, 43.8], [1.666391025264228, 43.8], [11.497825558595649, 43.8], [13.997922249593014, 43.8], [11.497265453052021, 43.8], [1.3331128458657147, 43.8], [23.25917313297845, 43.8], [1.3046513150822572, 43.8], [8.998881443267452, 43.8], [7.257963614624499, 43.8], [6.849410301009476, 43.8], [9.109604748014018, 43.8], [2.9354654606732047, 43.8], [25.25374891668543, 43.8], [2.667472279398712, 43.8], [11.579338799967346, 43.8], [13.997922257350677, 43.8], [11.49728838656392, 43.8], [3.111665158969709, 43.8], [25.489473554005308, 43.8], [3.09856677464732, 43.8], [11.553931796477013, 43.8], [14.025555458833603, 43.8], [11.553931793681024, 43.8], [1.793907109089583, 43.8], [0.0, 43.8]]","[<CesiumPy.Plane object at 0x000002C3D495CF70>, <CesiumPy.Plane object at 0x000002C3D495DDB0>, <CesiumPy.Plane object at 0x000002C3D495DE70>, <CesiumPy.Plane object at 0x000002C3D495DF30>, <CesiumPy.Plane object at 0x000002C3D495DCF0>, <CesiumPy.Plane object at 0x000002C3D495E290>, <CesiumPy.Plane object at 0x000002C3D495E170>, <CesiumPy.Plane object at 0x000002C3D495E230>, <CesiumPy.Plane object at 0x000002C3D495DFF0>, <CesiumPy.Plane object at 0x000002C3D495E3B0>, <CesiumPy.Plane object at 0x000002C3D495E470>, <CesiumPy.Plane object at 0x000002C3D495E530>, <CesiumPy.Plane object at 0x000002C3D495E5F0>, <CesiumPy.Plane object at 0x000002C3D495E6B0>, <CesiumPy.Plane object at 0x000002C3D495E770>, <CesiumPy.Plane object at 0x000002C3D495E830>, <CesiumPy.Plane object at 0x000002C3D495E8F0>, <CesiumPy.Plane object at 0x000002C3D495E9B0>, <CesiumPy.Plane object at 0x000002C3D495EA70>, <CesiumPy.Plane object at 0x000002C3D495EB30>, <CesiumPy.Plane object at 0x000002C3D495EBF0>, <CesiumPy.Plane object at 0x000002C3D495ECB0>, <CesiumPy.Plane object at 0x000002C3D495ED70>, <CesiumPy.Plane object at 0x000002C3D495EE30>, <CesiumPy.Plane object at 0x000002C3D495EEF0>, <CesiumPy.Plane object at 0x000002C3D495EFB0>]"
Hochstetter Hall,43.8,"[[-78.790826, 42.999803], [-78.791032, 42.999952], [-78.791033, 43.00005], [-78.790835, 43.000199], [-78.79085, 43.000199], [-78.790851, 43.000281], [-78.790679, 43.000282], [-78.790678, 43.0002], [-78.790715, 43.0002], [-78.790495, 43.00004], [-78.790495, 43.000064], [-78.790353, 43.000065], [-78.790352, 42.999939], [-78.790494, 42.999938], [-78.790494, 42.999967], [-78.790715, 42.999804], [-78.790676, 42.999804], [-78.790675, 42.9997], [-78.790847, 42.999699], [-78.790848, 42.999803], [-78.790826, 42.999803], [-78.790826, 42.999803]]","[[-78.791032, 42.999952], [-78.791033, 43.00005], [-78.791032, 42.999952], [-78.791033, 43.00005], [-78.790847, 42.999699], [-78.790675, 42.9997], [-78.790352, 42.999939], [-78.790353, 43.000065], [-78.790679, 43.000282], [-78.790678, 43.0002], [-78.790715, 43.0002], [-78.790835, 43.000199], [-78.79085, 43.000199], [-78.790851, 43.000281]]","[[23.5828507991864, 43.8], [10.887393504174202, 43.8], [23.122702309175022, 43.8], [1.2231105695225817, 43.8], [9.109969681309172, 43.8], [14.025422408312417, 43.8], [9.109969683608117, 43.8], [3.0170060220983825, 43.8], [25.253748302626693, 43.8], [2.666225693695563, 43.8], [11.579338237838302, 43.8], [13.997922265106954, 43.8], [11.579361895024393, 43.8], [3.2216893226496803, 43.8], [25.546925839995705, 43.8], [3.180107850631281, 43.8], [11.553931802037264, 43.8], [14.02555477655068, 43.8], [11.553931801007225, 43.8], [1.7939070218148223, 43.8], [0.0, 43.8]]","[<CesiumPy.Plane object at 0x000002C3D495E0B0>, <CesiumPy.Plane object at 0x000002C3D495F130>, <CesiumPy.Plane object at 0x000002C3D495F1F0>, <CesiumPy.Plane object at 0x000002C3D495F2B0>, <CesiumPy.Plane object at 0x000002C3D495F070>, <CesiumPy.Plane object at 0x000002C3D495F610>, <CesiumPy.Plane object at 0x000002C3D495F4F0>, <CesiumPy.Plane object at 0x000002C3D495F5B0>, <CesiumPy.Plane object at 0x000002C3D495F370>, <CesiumPy.Plane object at 0x000002C3D495F730>, <CesiumPy.Plane object at 0x000002C3D495F7F0>, <CesiumPy.Plane object at 0x000002C3D495F8B0>, <CesiumPy.Plane object at 0x000002C3D495F970>, <CesiumPy.Plane object at 0x000002C3D495FA30>, <CesiumPy.Plane object at 0x000002C3D495FAF0>, <CesiumPy.Plane object at 0x000002C3D495FBB0>, <CesiumPy.Plane object at 0x000002C3D495FC70>, <CesiumPy.Plane object at 0x000002C3D495FD30>, <CesiumPy.Plane object at 0x000002C3D495FEB0>, <CesiumPy.Plane object at 0x000002C3D495FF70>, <CesiumPy.Plane object at 0x000002C3D495FDF0>]"
Dorsheimer Laboratory/Greenhouse,4.2,"[[-78.792224, 42.999886], [-78.791825, 42.999888], [-78.791824, 42.999774], [-78.792223, 42.999772], [-78.792224, 42.999886], [-78.792224, 42.999886]]","[[-78.792224, 42.999886], [-78.792224, 42.999886], [-78.792223, 42.999772], [-78.791824, 42.999774], [-78.791825, 42.999888]]","[[32.535664415029636, 4.2], [12.664834052002693, 4.2], [32.535724561800095, 4.2], [12.66483404663508, 4.2], [0.0, 4.2]]","[<CesiumPy.Plane object at 0x000002C3D496C1F0>, <CesiumPy.Plane object at 0x000002C3D495F6A0>, <CesiumPy.Plane object at 0x000002C3D496C490>, <CesiumPy.Plane object at 0x000002C3D495F430>, <CesiumPy.Plane object at 0x000002C3D496C610>]"
Capen Hall,5.2,"[[-78.789941, 43.001271], [-78.789147, 43.001272], [-78.789146, 43.000526], [-78.789939, 43.000525], [-78.789941, 43.001271], [-78.789941, 43.001271]]","[[-78.789147, 43.001272], [-78.789941, 43.001271], [-78.789941, 43.001271], [-78.789939, 43.000525], [-78.789146, 43.000526]]","[[64.74228869008888, 5.2], [82.87523438342197, 5.2], [64.66153180928437, 5.2], [82.8753547068708, 5.2], [0.0, 5.2]]","[<CesiumPy.Plane object at 0x000002C3D496C130>, <CesiumPy.Plane object at 0x000002C3D496C4F0>, <CesiumPy.Plane object at 0x000002C3D496C310>, <CesiumPy.Plane object at 0x000002C3D496C070>, <CesiumPy.Plane object at 0x000002C3D496C5B0>]"
Talbert Hall,5.4,"[[-78.790164, 43.000524], [-78.790625, 43.000525], [-78.790623, 43.000935], [-78.790294, 43.000934], [-78.790295, 43.000773], [-78.78994, 43.000772], [-78.789939, 43.000688], [-78.790164, 43.000689], [-78.790164, 43.000524], [-78.790164, 43.000524]]","[[-78.790623, 43.000935], [-78.790625, 43.000525], [-78.790164, 43.000524], [-78.790164, 43.000524], [-78.78994, 43.000772], [-78.789939, 43.000688], [-78.78994, 43.000772], [-78.789939, 43.000688], [-78.790294, 43.000934]]","[[37.59023055758591, 5.4], [45.54831961619895, 5.4], [26.82680185550892, 5.4], [17.88611906890051, 5.4], [28.9468940904563, 5.4], [9.332147272410094, 5.4], [18.346849239711954, 5.4], [18.330303422592944, 5.4], [0.0, 5.4]]","[<CesiumPy.Plane object at 0x000002C3D496C7F0>, <CesiumPy.Plane object at 0x000002C3D496C8B0>, <CesiumPy.Plane object at 0x000002C3D496C970>, <CesiumPy.Plane object at 0x000002C3D496C730>, <CesiumPy.Plane object at 0x000002C3D496C9D0>, <CesiumPy.Plane object at 0x000002C3D496CD90>, <CesiumPy.Plane object at 0x000002C3D496CC70>, <CesiumPy.Plane object at 0x000002C3D496CD30>, <CesiumPy.Plane object at 0x000002C3D496CAF0>]"
Mathematics Building,8.5,"[[-78.793087, 43.001314], [-78.792638, 43.001315], [-78.792639, 43.001366], [-78.792497, 43.001367], [-78.792495, 43.001098], [-78.793085, 43.001096], [-78.793087, 43.001314], [-78.793087, 43.001314]]","[[-78.792495, 43.001098], [-78.792497, 43.001367], [-78.792638, 43.001315], [-78.792639, 43.001366], [-78.793087, 43.001314], [-78.793087, 43.001314], [-78.793085, 43.001096]]","[[36.61128259825167, 8.5], [5.66631758996629, 8.5], [11.579093763538145, 8.5], [29.884397459043342, 8.5], [48.10882817627474, 8.5], [24.218770667061843, 8.5], [0.0, 8.5]]","[<CesiumPy.Plane object at 0x000002C3D496CE20>, <CesiumPy.Plane object at 0x000002C3D496CF70>, <CesiumPy.Plane object at 0x000002C3D496D030>, <CesiumPy.Plane object at 0x000002C3D496D0F0>, <CesiumPy.Plane object at 0x000002C3D496CEB0>, <CesiumPy.Plane object at 0x000002C3D496D450>, <CesiumPy.Plane object at 0x000002C3D496D330>]"
Computing Center,5.5,"[[-78.791539, 43.001144], [-78.791622, 43.001144], [-78.791622, 43.001114], [-78.792196, 43.001114], [-78.792196, 43.001166], [-78.792234, 43.001166], [-78.792234, 43.001313], [-78.792083, 43.001313], [-78.792083, 43.001398], [-78.791606, 43.001399], [-78.791606, 43.001379], [-78.791539, 43.001379], [-78.791539, 43.001144], [-78.791539, 43.001144]]","[[-78.791606, 43.001399], [-78.791606, 43.001379], [-78.791539, 43.001379], [-78.792083, 43.001313], [-78.792083, 43.001398], [-78.792234, 43.001313], [-78.792196, 43.001114], [-78.792196, 43.001166], [-78.792234, 43.001166], [-78.792196, 43.001114], [-78.792196, 43.001166], [-78.792234, 43.001166], [-78.791539, 43.001144], [-78.791622, 43.001144], [-78.791622, 43.001114], [-78.791539, 43.001144], [-78.791539, 43.001144], [-78.791622, 43.001144], [-78.791622, 43.001114], [-78.791539, 43.001144], [-78.791606, 43.001399], [-78.791606, 43.001379], [-78.791539, 43.001379]]","[[6.767774763013213, 5.5], [3.3327827448728593, 5.5], [46.8036699255108, 5.5], [5.776823436997152, 5.5], [3.098498182576736, 5.5], [16.330635771684808, 5.5], [12.312423954062231, 5.5], [9.442884820481389, 5.5], [38.89431814555631, 5.5], [2.2218552652312895, 5.5], [5.463122662376486, 5.5], [26.106798782911486, 5.5], [0.0, 5.5]]","[<CesiumPy.Plane object at 0x000002C3D496CA60>, <CesiumPy.Plane object at 0x000002C3D496D1B0>, <CesiumPy.Plane object at 0x000002C3D496D570>, <CesiumPy.Plane object at 0x000002C3D496D630>, <CesiumPy.Plane object at 0x000002C3D496D3F0>, <CesiumPy.Plane object at 0x000002C3D496D990>, <CesiumPy.Plane object at 0x000002C3D496D870>, <CesiumPy.Plane object at 0x000002C3D496D930>, <CesiumPy.Plane object at 0x000002C3D496D6F0>, <CesiumPy.Plane object at 0x000002C3D496DAB0>, <CesiumPy.Plane object at 0x000002C3D496DB70>, <CesiumPy.Plane object at 0x000002C3D496DC30>, <CesiumPy.Plane object at 0x000002C3D496DCF0>]"
Fronczak Hall,13.6,"[[-78.791539, 43.001114], [-78.791539, 43.001399], [-78.791239, 43.001399], [-78.791239, 43.001388], [-78.791163, 43.001388], [-78.791163, 43.001399], [-78.79027, 43.0014], [-78.79027, 43.001116], [-78.790799, 43.001115], [-78.7908, 43.001136], [-78.790869, 43.001136], [-78.790869, 43.001115], [-78.791316, 43.001115], [-78.791316, 43.001136], [-78.791388, 43.001136], [-78.791388, 43.001115], [-78.791539, 43.001114], [-78.791539, 43.001114]]","[[-78.791539, 43.001399], [-78.791539, 43.001114], [-78.791539, 43.001114], [-78.790799, 43.001115], [-78.7908, 43.001136], [-78.790869, 43.001136], [-78.790869, 43.001115], [-78.79027, 43.001116], [-78.79027, 43.0014]]","[[31.66143679342625, 13.6], [24.46173532920549, 13.6], [1.2220203972057901, 13.6], [6.1969740562463524, 13.6], [1.2220203972057901, 13.6], [72.81451631969185, 13.6], [31.55034404038237, 13.6], [43.13453467687795, 13.6], [2.3343724399725745, 13.6], [5.626223122756754, 13.6], [2.332947920934391, 13.6], [36.448153514179175, 13.6], [2.332947920934391, 13.6], [5.870841519952522, 13.6], [2.332947920934391, 13.6], [12.312964764631845, 13.6], [0.0, 13.6]]","[<CesiumPy.Plane object at 0x000002C3D496D270>, <CesiumPy.Plane object at 0x000002C3D496DE70>, <CesiumPy.Plane object at 0x000002C3D496DF30>, <CesiumPy.Plane object at 0x000002C3D496DFF0>, <CesiumPy.Plane object at 0x000002C3D496DDB0>, <CesiumPy.Plane object at 0x000002C3D496E350>, <CesiumPy.Plane object at 0x000002C3D496E230>, <CesiumPy.Plane object at 0x000002C3D496E2F0>, <CesiumPy.Plane object at 0x000002C3D496E0B0>, <CesiumPy.Plane object at 0x000002C3D496E470>, <CesiumPy.Plane object at 0x000002C3D496E530>, <CesiumPy.Plane object at 0x000002C3D496E5F0>, <CesiumPy.Plane object at 0x000002C3D496E6B0>, <CesiumPy.Plane object at 0x000002C3D496E770>, <CesiumPy.Plane object at 0x000002C3D496E830>, <CesiumPy.Plane object at 0x000002C3D496E8F0>, <CesiumPy.Plane object at 0x000002C3D496E9B0>]"
Natural Sciences Complex,9.4,"[[-78.791734, 43.000521], [-78.791764, 43.000506], [-78.791784, 43.000531], [-78.791848, 43.000504], [-78.791885, 43.000552], [-78.79182, 43.000578], [-78.791813, 43.000602], [-78.791973, 43.000601], [-78.791973, 43.00058], [-78.792004, 43.000579], [-78.792004, 43.000514], [-78.792616, 43.000512], [-78.792616, 43.000577], [-78.792642, 43.000577], [-78.792642, 43.000598], [-78.792707, 43.000598], [-78.792709, 43.000788], [-78.792724, 43.000799], [-78.792709, 43.00081], [-78.792674, 43.00081], [-78.79263, 43.000941], [-78.792479, 43.000942], [-78.792479, 43.001003], [-78.792105, 43.001005], [-78.792105, 43.000943], [-78.791859, 43.000944], [-78.791858, 43.000887], [-78.791793, 43.000888], [-78.791755, 43.000983], [-78.791551, 43.000959], [-78.791029, 43.000961], [-78.790896, 43.000976], [-78.790824, 43.000719], [-78.790824, 43.000676], [-78.790948, 43.00066], [-78.790948, 43.00056], [-78.791131, 43.00056], [-78.791224, 43.000519], [-78.791255, 43.00056], [-78.791351, 43.000521], [-78.79138, 43.000559], [-78.791479, 43.00052], [-78.791508, 43.00056], [-78.791607, 43.000521], [-78.791636, 43.00056], [-78.791734, 43.000521], [-78.791734, 43.000521]]","[[-78.790824, 43.000719], [-78.790824, 43.000676], [-78.790896, 43.000976], [-78.792105, 43.001005], [-78.792105, 43.000943], [-78.792479, 43.000942], [-78.792479, 43.001003], [-78.79263, 43.000941], [-78.792709, 43.000788], [-78.792724, 43.000799], [-78.792709, 43.00081], [-78.792674, 43.00081], [-78.792616, 43.000512], [-78.792616, 43.000577], [-78.792642, 43.000577], [-78.792642, 43.000598], [-78.792707, 43.000598], [-78.792616, 43.000512], [-78.792616, 43.000577], [-78.792642, 43.000577], [-78.792642, 43.000598], [-78.792707, 43.000598], [-78.791764, 43.000506], [-78.791784, 43.000531], [-78.791848, 43.000504], [-78.791885, 43.000552], [-78.79182, 43.000578], [-78.791813, 43.000602], [-78.791734, 43.000521], [-78.791764, 43.000506], [-78.791784, 43.000531], [-78.791848, 43.000504], [-78.79182, 43.000578], [-78.791813, 43.000602], [-78.791734, 43.000521], [-78.791131, 43.00056], [-78.791224, 43.000519], [-78.791255, 43.00056], [-78.790948, 43.00056], [-78.790824, 43.000719], [-78.790824, 43.000676]]","[[2.9598642583853296, 9.4], [3.2207182395223617, 9.4], [6.01918457589279, 9.4], [6.126766766822477, 9.4], [6.036069299999046, 9.4], [2.7266375061203134, 9.4], [13.046900556034958, 9.4], [2.332947702005977, 9.4], [2.530186293620527, 9.4], [7.221028544117661, 9.4], [49.903151729142394, 9.4], [7.221028542918504, 9.4], [2.1200453241247255, 9.4], [2.332947698770259, 9.4], [5.300111503546027, 9.4], [21.10825242329437, 9.4], [1.728960425868094, 9.4], [1.7289602732425287, 9.4], [2.853896382340097, 9.4], [14.988867750799535, 9.4], [12.312999307588104, 9.4], [6.776658063272759, 9.4], [30.496634784128265, 9.4], [6.887750821024275, 9.4], [20.059078780758185, 9.4], [6.3328119435481725, 9.4], [5.30125077602547, 9.4], [10.99925922668308, 9.4], [16.846420815409907, 9.4], [42.56430241520615, 9.4], [10.972058972505813, 9.4], [29.148197571372144, 9.4], [4.7769882398062125, 9.4], [10.266020315371575, 9.4], [11.109274808750097, 9.4], [14.92186158381961, 9.4], [8.846005380948657, 9.4], [5.209197274177005, 9.4], [8.946900606225883, 9.4], [4.838689881933057, 9.4], [9.161691334829543, 9.4], [5.0337072917204955, 9.4], [9.161691219442934, 9.4], [4.93591154119264, 9.4], [9.089926835036719, 9.4], [0.0, 9.4]]","[<CesiumPy.Plane object at 0x000002C3D496E170>, <CesiumPy.Plane object at 0x000002C3D496EB60>, <CesiumPy.Plane object at 0x000002C3D496EC20>, <CesiumPy.Plane object at 0x000002C3D496ECE0>, <CesiumPy.Plane object at 0x000002C3D496EA70>, <CesiumPy.Plane object at 0x000002C3D496F040>, <CesiumPy.Plane object at 0x000002C3D496EF20>, <CesiumPy.Plane object at 0x000002C3D496EFE0>, <CesiumPy.Plane object at 0x000002C3D496EDA0>, <CesiumPy.Plane object at 0x000002C3D496F160>, <CesiumPy.Plane object at 0x000002C3D496F220>, <CesiumPy.Plane object at 0x000002C3D496F2E0>, <CesiumPy.Plane object at 0x000002C3D496F3A0>, <CesiumPy.Plane object at 0x000002C3D496F460>, <CesiumPy.Plane object at 0x000002C3D496F520>, <CesiumPy.Plane object at 0x000002C3D496F5E0>, <CesiumPy.Plane object at 0x000002C3D496F6A0>, <CesiumPy.Plane object at 0x000002C3D496F760>, <CesiumPy.Plane object at 0x000002C3D496F820>, <CesiumPy.Plane object at 0x000002C3D496F8E0>, <CesiumPy.Plane object at 0x000002C3D496F9A0>, <CesiumPy.Plane object at 0x000002C3D496FA60>, <CesiumPy.Plane object at 0x000002C3D496FB20>, <CesiumPy.Plane object at 0x000002C3D496FBE0>, <CesiumPy.Plane object at 0x000002C3D496FCA0>, <CesiumPy.Plane object at 0x000002C3D496EE60>, <CesiumPy.Plane object at 0x000002C3D496FEE0>, <CesiumPy.Plane object at 0x000002C3D496FFA0>, <CesiumPy.Plane object at 0x000002C3D496F0D0>, <CesiumPy.Plane object at 0x000002C3D496E3E0>, <CesiumPy.Plane object at 0x000002C3D496FE20>, <CesiumPy.Plane object at 0x000002C3D49804F0>, <CesiumPy.Plane object at 0x000002C3D49802B0>, <CesiumPy.Plane object at 0x000002C3D49800D0>, <CesiumPy.Plane object at 0x000002C3D4980190>, <CesiumPy.Plane object at 0x000002C3D4980550>, <CesiumPy.Plane object at 0x000002C3D4980610>, <CesiumPy.Plane object at 0x000002C3D49806D0>, <CesiumPy.Plane object at 0x000002C3D4980790>, <CesiumPy.Plane object at 0x000002C3D4980850>, <CesiumPy.Plane object at 0x000002C3D4980910>, <CesiumPy.Plane object at 0x000002C3D49809D0>, <CesiumPy.Plane object at 0x000002C3D4980A90>, <CesiumPy.Plane object at 0x000002C3D4980B50>, <CesiumPy.Plane object at 0x000002C3D4980C10>, <CesiumPy.Plane object at 0x000002C3D4980CD0>]"
Ketter Hall,13.9,"[[-78.788004, 43.00214], [-78.788463, 43.002138], [-78.788463, 43.002184], [-78.788503, 43.002184], [-78.788504, 43.002261], [-78.788462, 43.002261], [-78.788462, 43.002285], [-78.788476, 43.002285], [-78.788477, 43.002511], [-78.788465, 43.002511], [-78.788465, 43.002546], [-78.788392, 43.002546], [-78.788393, 43.002662], [-78.788461, 43.002662], [-78.788461, 43.002639], [-78.788577, 43.002639], [-78.788577, 43.002664], [-78.788532, 43.002664], [-78.788533, 43.002893], [-78.788013, 43.002894], [-78.788013, 43.002757], [-78.787892, 43.002758], [-78.787891, 43.002457], [-78.78794, 43.002457], [-78.78794, 43.002427], [-78.788008, 43.002427], [-78.788008, 43.002401], [-78.787994, 43.002401], [-78.787993, 43.002176], [-78.788004, 43.002176], [-78.788004, 43.00214], [-78.788004, 43.00214]]","[[-78.788577, 43.002639], [-78.788577, 43.002664], [-78.788532, 43.002664], [-78.788463, 43.002138], [-78.788463, 43.002184], [-78.788503, 43.002184], [-78.788504, 43.002261], [-78.788462, 43.002261], [-78.788463, 43.002138], [-78.788463, 43.002184], [-78.788503, 43.002184], [-78.788004, 43.00214], [-78.787993, 43.002176], [-78.788004, 43.002176], [-78.788004, 43.00214], [-78.787891, 43.002457], [-78.78794, 43.002457], [-78.78794, 43.002427], [-78.787892, 43.002758], [-78.788013, 43.002894], [-78.788533, 43.002893], [-78.788577, 43.002639], [-78.788577, 43.002664], [-78.788532, 43.002664]]","[[37.426665403695885, 13.9], [5.110267800848268, 13.9], [3.261523188454193, 13.9], [8.5545326225492, 13.9], [3.424595070754525, 13.9], [2.6662267315189134, 13.9], [1.1415312463091407, 13.9], [25.1071013413542, 13.9], [0.978451766941955, 13.9], [3.8882474906655355, 13.9], [5.952244871097128, 13.9], [12.887021235181763, 13.9], [5.544546434891981, 13.9], [2.555134119858031, 13.9], [9.458347447164074, 13.9], [2.7773196953380697, 13.9], [3.669185021788086, 13.9], [25.440379650531067, 13.9], [42.39945908473367, 13.9], [15.219712400167875, 13.9], [9.866641316510679, 13.9], [33.43902829771437, 13.9], [3.9953482150803556, 13.9], [3.3327835131498937, 13.9], [5.544567567057908, 13.9], [2.8884123653247284, 13.9], [1.1415290987179736, 13.9], [24.996008666931132, 13.9], [0.896918992964742, 13.9], [3.999340017202255, 13.9], [0.0, 13.9]]","[<CesiumPy.Plane object at 0x000002C3D4980430>, <CesiumPy.Plane object at 0x000002C3D4980E50>, <CesiumPy.Plane object at 0x000002C3D4980F10>, <CesiumPy.Plane object at 0x000002C3D4980FD0>, <CesiumPy.Plane object at 0x000002C3D4980D90>, <CesiumPy.Plane object at 0x000002C3D4981330>, <CesiumPy.Plane object at 0x000002C3D4981210>, <CesiumPy.Plane object at 0x000002C3D49812D0>, <CesiumPy.Plane object at 0x000002C3D4981090>, <CesiumPy.Plane object at 0x000002C3D4981450>, <CesiumPy.Plane object at 0x000002C3D4981510>, <CesiumPy.Plane object at 0x000002C3D49815D0>, <CesiumPy.Plane object at 0x000002C3D4981690>, <CesiumPy.Plane object at 0x000002C3D4981750>, <CesiumPy.Plane object at 0x000002C3D4981810>, <CesiumPy.Plane object at 0x000002C3D49818D0>, <CesiumPy.Plane object at 0x000002C3D4981990>, <CesiumPy.Plane object at 0x000002C3D4981A50>, <CesiumPy.Plane object at 0x000002C3D4981B10>, <CesiumPy.Plane object at 0x000002C3D4981BD0>, <CesiumPy.Plane object at 0x000002C3D4981C90>, <CesiumPy.Plane object at 0x000002C3D4981D50>, <CesiumPy.Plane object at 0x000002C3D4981E10>, <CesiumPy.Plane object at 0x000002C3D4981ED0>, <CesiumPy.Plane object at 0x000002C3D4981F90>, <CesiumPy.Plane object at 0x000002C3D4982050>, <CesiumPy.Plane object at 0x000002C3D4982110>, <CesiumPy.Plane object at 0x000002C3D49821D0>, <CesiumPy.Plane object at 0x000002C3D4982290>, <CesiumPy.Plane object at 0x000002C3D4982350>, <CesiumPy.Plane object at 0x000002C3D4982410>]"
Center for the Arts,14.8,"[[-78.782234, 43.000567], [-78.783026, 43.000564], [-78.783026, 43.000529], [-78.783137, 43.000529], [-78.783137, 43.000564], [-78.783475, 43.000563], [-78.783475, 43.000602], [-78.783579, 43.000602], [-78.783579, 43.000681], [-78.783476, 43.000681], [-78.783479, 43.001284], [-78.783491, 43.001284], [-78.783491, 43.001397], [-78.783142, 43.001398], [-78.783142, 43.001521], [-78.783031, 43.001522], [-78.783031, 43.001398], [-78.782807, 43.001399], [-78.782807, 43.001382], [-78.782433, 43.001383], [-78.782433, 43.0014], [-78.782239, 43.001401], [-78.782234, 43.000567], [-78.782234, 43.000567]]","[[-78.782234, 43.000567], [-78.782234, 43.000567], [-78.782239, 43.001401], [-78.783031, 43.001522], [-78.783142, 43.001521], [-78.783491, 43.001397], [-78.783579, 43.000602], [-78.783579, 43.000681], [-78.783579, 43.000602], [-78.783579, 43.000681], [-78.783475, 43.000563], [-78.783475, 43.000602], [-78.783137, 43.000529], [-78.783137, 43.000564], [-78.783026, 43.000564], [-78.783026, 43.000529]]","[[64.58071418312038, 14.8], [3.888246139629205, 14.8], [9.050969772751317, 14.8], [3.888246139629205, 14.8], [27.560819140188887, 14.8], [4.332617153189013, 14.8], [8.480177857191817, 14.8], [8.776327147455998, 14.8], [8.39862692560884, 14.8], [66.98937809694101, 14.8], [0.978471237918689, 14.8], [12.553482142476666, 14.8], [28.457369636821333, 14.8], [13.664410050960514, 14.8], [9.051505859867605, 14.8], [13.77550281661892, 14.8], [18.265100376234123, 14.8], [1.8885769766536804, 14.8], [30.495840554854556, 14.8], [1.8885769764113636, 14.8], [15.818978554372341, 14.8], [92.65225498119236, 14.8], [0.0, 14.8]]","[<CesiumPy.Plane object at 0x000002C3D4980250>, <CesiumPy.Plane object at 0x000002C3D4982590>, <CesiumPy.Plane object at 0x000002C3D4982650>, <CesiumPy.Plane object at 0x000002C3D4982710>, <CesiumPy.Plane object at 0x000002C3D49824D0>, <CesiumPy.Plane object at 0x000002C3D4982A70>, <CesiumPy.Plane object at 0x000002C3D4982950>, <CesiumPy.Plane object at 0x000002C3D4982A10>, <CesiumPy.Plane object at 0x000002C3D49827D0>, <CesiumPy.Plane object at 0x000002C3D4982B90>, <CesiumPy.Plane object at 0x000002C3D4982C50>, <CesiumPy.Plane object at 0x000002C3D4982D10>, <CesiumPy.Plane object at 0x000002C3D4982DD0>, <CesiumPy.Plane object at 0x000002C3D4982E90>, <CesiumPy.Plane object at 0x000002C3D4982F50>, <CesiumPy.Plane object at 0x000002C3D4983010>, <CesiumPy.Plane object at 0x000002C3D49830D0>, <CesiumPy.Plane object at 0x000002C3D4983190>, <CesiumPy.Plane object at 0x000002C3D4983250>, <CesiumPy.Plane object at 0x000002C3D4983310>, <CesiumPy.Plane object at 0x000002C3D49833D0>, <CesiumPy.Plane object at 0x000002C3D4983490>, <CesiumPy.Plane object at 0x000002C3D4983550>]"
